iso_code,continent,location,date,population,new_cases,total_cases,new_deaths,total_deaths,new_vaccinations,total_vaccinations,case_fatality_rate_pct,infection_rate_pct,vaccination_coverage_pct,risk_score
AUS,Oceania,Australia,2020-03-01,26000000,33032,33032,517,517,0,0,1.565,0.127,0.0,39.2
AUS,Oceania,Australia,2020-04-01,26000000,42215,75247,136,653,0,0,0.868,0.289,0.0,21.9
AUS,Oceania,Australia,2020-05-01,26000000,68096,143343,325,978,0,0,0.682,0.551,0.0,17.5
AUS,Oceania,Australia,2020-06-01,26000000,71514,214857,1055,2033,0,0,0.946,0.826,0.0,24.3
AUS,Oceania,Australia,2020-07-01,26000000,82102,296959,511,2544,0,0,0.857,1.142,0.0,22.3
AUS,Oceania,Australia,2020-08-01,26000000,67542,364501,510,3054,0,0,0.838,1.402,0.0,22.1
AUS,Oceania,Australia,2020-09-01,26000000,62689,427190,167,3221,0,0,0.754,1.643,0.0,20.2
AUS,Oceania,Australia,2020-10-01,26000000,48884,476074,402,3623,0,0,0.761,1.831,0.0,20.5
AUS,Oceania,Australia,2020-11-01,26000000,30879,506953,361,3984,0,0,0.786,1.95,0.0,21.2
AUS,Oceania,Australia,2020-12-01,26000000,49425,556378,737,4721,0,0,0.849,2.14,0.0,22.9
AUS,Oceania,Australia,2021-01-01,26000000,42230,598608,223,4944,102840,102840,0.826,2.302,0.4,22.5
AUS,Oceania,Australia,2021-02-01,26000000,19360,617968,79,5023,105221,208061,0.813,2.377,0.8,22.2
AUS,Oceania,Australia,2021-03-01,26000000,33821,651789,484,5507,262012,470073,0.845,2.507,1.81,23.0
AUS,Oceania,Australia,2021-04-01,26000000,4741,656530,44,5551,302194,772267,0.846,2.525,2.97,23.0
AUS,Oceania,Australia,2021-05-01,26000000,0,656530,0,5551,384058,1156325,0.846,2.525,4.45,22.9
AUS,Oceania,Australia,2021-06-01,26000000,0,656530,0,5551,448009,1604334,0.846,2.525,6.17,22.9
AUS,Oceania,Australia,2021-07-01,26000000,208,656738,0,5551,445554,2049888,0.845,2.526,7.88,22.8
AUS,Oceania,Australia,2021-08-01,26000000,16724,673462,82,5633,488907,2538795,0.836,2.59,9.76,22.5
AUS,Oceania,Australia,2021-09-01,26000000,39067,712529,545,6178,491898,3030693,0.867,2.74,11.66,23.3
AUS,Oceania,Australia,2021-10-01,26000000,52227,764756,228,6406,1033348,4064041,0.838,2.941,15.63,22.5
AUS,Oceania,Australia,2021-11-01,26000000,57611,822367,155,6561,942033,5006074,0.798,3.163,19.25,21.5
AUS,Oceania,Australia,2021-12-01,26000000,63301,885668,1009,7570,861025,5867099,0.855,3.406,22.57,23.0
AUS,Oceania,Australia,2022-01-01,26000000,76280,961948,871,8441,944884,6811983,0.877,3.7,26.2,23.6
AUS,Oceania,Australia,2022-02-01,26000000,53483,1015431,546,8987,632417,7444400,0.885,3.906,28.63,23.8
AUS,Oceania,Australia,2022-03-01,26000000,61759,1077190,268,9255,784952,8229352,0.859,4.143,31.65,23.2
AUS,Oceania,Australia,2022-04-01,26000000,56582,1133772,536,9791,802165,9031517,0.864,4.361,34.74,23.4
AUS,Oceania,Australia,2022-05-01,26000000,30900,1164672,177,9968,1012520,10044037,0.856,4.48,38.63,23.1
AUS,Oceania,Australia,2022-06-01,26000000,57721,1222393,201,10169,675732,10719769,0.832,4.702,41.23,22.5
AUS,Oceania,Australia,2022-07-01,26000000,52089,1274482,307,10476,1105947,11825716,0.822,4.902,45.48,22.2
AUS,Oceania,Australia,2022-08-01,26000000,42840,1317322,529,11005,1143289,12969005,0.835,5.067,49.88,22.4
AUS,Oceania,Australia,2022-09-01,26000000,17132,1334454,90,11095,1084664,14053669,0.831,5.133,54.05,22.2
AUS,Oceania,Australia,2022-10-01,26000000,5082,1339536,70,11165,630338,14684007,0.833,5.152,56.48,22.1
AUS,Oceania,Australia,2022-11-01,26000000,1979,1341515,23,11188,608463,15292470,0.834,5.16,58.82,22.0
AUS,Oceania,Australia,2022-12-01,26000000,0,1341515,0,11188,1180070,16472540,0.834,5.16,63.36,21.8
AUS,Oceania,Australia,2023-01-01,26000000,101,1341616,1,11189,698421,17170961,0.834,5.16,66.04,21.7
AUS,Oceania,Australia,2023-02-01,26000000,14938,1356554,224,11413,761524,17932485,0.841,5.218,68.97,21.8
AUS,Oceania,Australia,2023-03-01,26000000,22948,1379502,149,11562,972632,18905117,0.838,5.306,72.71,21.6
AUS,Oceania,Australia,2023-04-01,26000000,43230,1422732,472,12034,985683,19890800,0.846,5.472,76.5,21.7
AUS,Oceania,Australia,2023-05-01,26000000,41900,1464632,622,12656,1002328,20893128,0.864,5.633,80.36,22.1
AUS,Oceania,Australia,2023-06-01,26000000,72598,1537230,577,13233,1012099,21905227,0.861,5.912,84.25,22.0
AUS,Oceania,Australia,2023-07-01,26000000,47871,1585101,722,13955,1006265,22911492,0.88,6.097,88.12,22.5
AUS,Oceania,Australia,2023-08-01,26000000,55374,1640475,651,14606,935155,23846647,0.89,6.31,91.72,22.7
AUS,Oceania,Australia,2023-09-01,26000000,53841,1694316,459,15065,1187344,25033991,0.889,6.517,96.28,22.6
AUS,Oceania,Australia,2023-10-01,26000000,53228,1747544,245,15310,874064,25908055,0.876,6.721,99.65,22.3
AUS,Oceania,Australia,2023-11-01,26000000,70054,1817598,705,16015,879022,26787077,0.881,6.991,103.03,22.5
AUS,Oceania,Australia,2023-12-01,26000000,68878,1886476,790,16805,756083,27543160,0.891,7.256,105.94,22.8
UNI,North America,United States,2020-03-01,331000000,406196,406196,4680,4680,0,0,1.152,0.123,0.0,28.9
UNI,North America,United States,2020-04-01,331000000,590910,997106,3632,8312,0,0,0.834,0.301,0.0,21.1
UNI,North America,United States,2020-05-01,331000000,775808,1772914,10621,18933,0,0,1.068,0.536,0.0,27.1
UNI,North America,United States,2020-06-01,331000000,863838,2636752,3991,22924,0,0,0.869,0.797,0.0,22.4
UNI,North America,United States,2020-07-01,331000000,1018479,3655231,11293,34217,0,0,0.936,1.104,0.0,24.3
UNI,North America,United States,2020-08-01,331000000,865937,4521168,9470,43687,0,0,0.966,1.366,0.0,25.2
UNI,North America,United States,2020-09-01,331000000,698931,5220099,11007,54694,0,0,1.048,1.577,0.0,27.5
UNI,North America,United States,2020-10-01,331000000,691046,5911145,2531,57225,0,0,0.968,1.786,0.0,25.6
UNI,North America,United States,2020-11-01,331000000,685465,6596610,8582,65807,0,0,0.998,1.993,0.0,26.5
UNI,North America,United States,2020-12-01,331000000,618837,7215447,5811,71618,0,0,0.993,2.18,0.0,26.6
UNI,North America,United States,2021-01-01,331000000,455958,7671405,3578,75196,1310010,1310010,0.98,2.318,0.4,26.3
UNI,North America,United States,2021-02-01,331000000,356733,8028138,4343,79539,1726279,3036289,0.991,2.425,0.92,26.7
UNI,North America,United States,2021-03-01,331000000,248009,8276147,1686,81225,3339969,6376258,0.981,2.5,1.93,26.4
UNI,North America,United States,2021-04-01,331000000,198552,8474699,3112,84337,2990312,9366570,0.995,2.56,2.83,26.8
UNI,North America,United States,2021-05-01,331000000,50726,8525425,721,85058,5588883,14955453,0.998,2.576,4.52,26.8
UNI,North America,United States,2021-06-01,331000000,0,8525425,0,85058,4452088,19407541,0.998,2.576,5.86,26.7
UNI,North America,United States,2021-07-01,331000000,0,8525425,0,85058,8333205,27740746,0.998,2.576,8.38,26.6
UNI,North America,United States,2021-08-01,331000000,91075,8616500,1446,86504,5655964,33396710,1.004,2.603,10.09,26.7
UNI,North America,United States,2021-09-01,331000000,342307,8958807,1214,87718,5889006,39285716,0.979,2.707,11.87,26.0
UNI,North America,United States,2021-10-01,331000000,627986,9586793,9653,97371,9729944,49015660,1.016,2.896,14.81,27.0
UNI,North America,United States,2021-11-01,331000000,810176,10396969,1946,99317,8444146,57459806,0.955,3.141,17.36,25.5
UNI,North America,United States,2021-12-01,331000000,757829,11154798,1925,101242,14434152,71893958,0.908,3.37,21.72,24.3
UNI,North America,United States,2022-01-01,331000000,785415,11940213,10344,111586,14180370,86074328,0.935,3.607,26.0,25.0
UNI,North America,United States,2022-02-01,331000000,839621,12779834,8742,120328,12024070,98098398,0.942,3.861,29.64,25.2
UNI,North America,United States,2022-03-01,331000000,611047,13390881,1979,122307,10839197,108937595,0.913,4.046,32.91,24.4
UNI,North America,United States,2022-04-01,331000000,752704,14143585,5928,128235,10801713,119739308,0.907,4.273,36.18,24.3
UNI,North America,United States,2022-05-01,331000000,699153,14842738,3397,131632,14290542,134029850,0.887,4.484,40.49,23.7
UNI,North America,United States,2022-06-01,331000000,647134,15489872,8070,139702,12618331,146648181,0.902,4.68,44.3,24.1
UNI,North America,United States,2022-07-01,331000000,543755,16033627,3841,143543,13099764,159747945,0.895,4.844,48.26,23.8
UNI,North America,United States,2022-08-01,331000000,424914,16458541,4186,147729,11656081,171404026,0.898,4.972,51.78,23.8
UNI,North America,United States,2022-09-01,331000000,269038,16727579,1244,148973,12175539,183579565,0.891,5.054,55.46,23.5
UNI,North America,United States,2022-10-01,331000000,131833,16859412,1111,150084,11578820,195158385,0.89,5.093,58.96,23.4
UNI,North America,United States,2022-11-01,331000000,0,16859412,0,150084,12661821,207820206,0.89,5.093,62.79,23.2
UNI,North America,United States,2022-12-01,331000000,0,16859412,0,150084,9166092,216986298,0.89,5.093,65.55,23.0
UNI,North America,United States,2023-01-01,331000000,17307,16876719,178,150262,9983375,226969673,0.89,5.099,68.57,22.9
UNI,North America,United States,2023-02-01,331000000,252995,17129714,1696,151958,13563765,240533438,0.887,5.175,72.67,22.7
UNI,North America,United States,2023-03-01,331000000,214317,17344031,2492,154450,13223552,253756990,0.891,5.24,76.66,22.6
UNI,North America,United States,2023-04-01,331000000,416921,17760952,5770,160220,9871869,263628859,0.902,5.366,79.65,22.9
UNI,North America,United States,2023-05-01,331000000,739718,18500670,5584,165804,13792968,277421827,0.896,5.589,83.81,22.7
UNI,North America,United States,2023-06-01,331000000,656938,19157608,6815,172619,15224662,292646489,0.901,5.788,88.41,22.7
UNI,North America,United States,2023-07-01,331000000,684873,19842481,4547,177166,11454180,304100669,0.893,5.995,91.87,22.5
UNI,North America,United States,2023-08-01,331000000,724935,20567416,5629,182795,10939385,315040054,0.889,6.214,95.18,22.4
UNI,North America,United States,2023-09-01,331000000,825373,21392789,6389,189184,11785557,326825611,0.884,6.463,98.74,22.3
UNI,North America,United States,2023-10-01,331000000,923399,22316188,3766,192950,11378553,338204164,0.865,6.742,102.18,21.9
UNI,North America,United States,2023-11-01,331000000,690555,23006743,7153,200103,10763077,348967241,0.87,6.951,105.43,22.0
UNI,North America,United States,2023-12-01,331000000,754639,23761382,11636,211739,8044197,357011438,0.891,7.179,107.86,22.6
IND,Asia,India,2020-03-01,1400000000,1337101,1337101,14294,14294,0,0,1.069,0.096,0.0,26.8
IND,Asia,India,2020-04-01,1400000000,2440137,3777238,5539,19833,0,0,0.525,0.27,0.0,13.3
IND,Asia,India,2020-05-01,1400000000,3543065,7320303,49953,69786,0,0,0.953,0.523,0.0,24.2
IND,Asia,India,2020-06-01,1400000000,3351766,10672069,45191,114977,0,0,1.077,0.762,0.0,27.5
IND,Asia,India,2020-07-01,1400000000,4104254,14776323,25514,140491,0,0,0.951,1.055,0.0,24.6
IND,Asia,India,2020-08-01,1400000000,3432512,18208835,37099,177590,0,0,0.975,1.301,0.0,25.4
IND,Asia,India,2020-09-01,1400000000,3662859,21871694,52508,230098,0,0,1.052,1.562,0.0,27.5
IND,Asia,India,2020-10-01,1400000000,3119137,24990831,39557,269655,0,0,1.079,1.785,0.0,28.4
IND,Asia,India,2020-11-01,1400000000,2908253,27899084,34407,304062,0,0,1.09,1.993,0.0,28.8
IND,Asia,India,2020-12-01,1400000000,2633626,30532710,16563,320625,0,0,1.05,2.181,0.0,28.0
IND,Asia,India,2021-01-01,1400000000,2084526,32617236,8557,329182,4574025,4574025,1.009,2.33,0.33,27.1
IND,Asia,India,2021-02-01,1400000000,2051601,34668837,6748,335930,6378562,10952587,0.969,2.476,0.78,26.2
IND,Asia,India,2021-03-01,1400000000,532384,35201221,3506,339436,13596287,24548874,0.964,2.514,1.75,26.0
IND,Asia,India,2021-04-01,1400000000,567188,35768409,7875,347311,15297409,39846283,0.971,2.555,2.85,26.2
IND,Asia,India,2021-05-01,1400000000,0,35768409,0,347311,23015548,62861831,0.971,2.555,4.49,26.1
IND,Asia,India,2021-06-01,1400000000,544679,36313088,6284,353595,23787078,86648909,0.974,2.594,6.19,26.1
IND,Asia,India,2021-07-01,1400000000,402560,36715648,4496,358091,37090620,123739529,0.975,2.623,8.84,26.0
IND,Asia,India,2021-08-01,1400000000,905519,37621167,8015,366106,40419466,164158995,0.973,2.687,11.73,25.9
IND,Asia,India,2021-09-01,1400000000,1521701,39142868,3108,369214,41738758,205897753,0.943,2.796,14.71,25.1
IND,Asia,India,2021-10-01,1400000000,2407930,41550798,28426,397640,54736163,260633916,0.957,2.968,18.62,25.4
IND,Asia,India,2021-11-01,1400000000,2350595,43901393,15521,413161,34443285,295077201,0.941,3.136,21.08,25.0
IND,Asia,India,2021-12-01,1400000000,3924931,47826324,56591,469752,42754298,337831499,0.982,3.416,24.13,26.1
IND,Asia,India,2022-01-01,1400000000,2620461,50446785,24833,494585,49650196,387481695,0.98,3.603,27.68,26.0
IND,Asia,India,2022-02-01,1400000000,2803979,53250764,24117,518702,55084241,442565936,0.974,3.804,31.61,25.8
IND,Asia,India,2022-03-01,1400000000,3756741,57007505,22693,541395,45997306,488563242,0.95,4.072,34.9,25.3
IND,Asia,India,2022-04-01,1400000000,3045034,60052539,6778,548173,44430191,532993433,0.913,4.289,38.07,24.4
IND,Asia,India,2022-05-01,1400000000,2118209,62170748,8693,556866,44858010,577851443,0.896,4.441,41.28,23.9
IND,Asia,India,2022-06-01,1400000000,2503804,64674552,17384,574250,60807413,638658856,0.888,4.62,45.62,23.6
IND,Asia,India,2022-07-01,1400000000,2711160,67385712,13249,587499,50583449,689242305,0.872,4.813,49.23,23.2
IND,Asia,India,2022-08-01,1400000000,2519042,69904754,6803,594302,61437754,750680059,0.85,4.993,53.62,22.6
IND,Asia,India,2022-09-01,1400000000,1565077,71469831,13469,607771,39038929,789718988,0.85,5.105,56.41,22.5
IND,Asia,India,2022-10-01,1400000000,264383,71734214,2094,609865,64337767,854056755,0.85,5.124,61.0,22.3
IND,Asia,India,2022-11-01,1400000000,125002,71859216,1140,611005,38739078,892795833,0.85,5.133,63.77,22.2
IND,Asia,India,2022-12-01,1400000000,0,71859216,0,611005,57454919,950250752,0.85,5.133,67.88,22.0
IND,Asia,India,2023-01-01,1400000000,0,71859216,0,611005,49734175,999984927,0.85,5.133,71.43,21.8
IND,Asia,India,2023-02-01,1400000000,557741,72416957,2434,613439,49188074,1049173001,0.847,5.173,74.94,21.6
IND,Asia,India,2023-03-01,1400000000,855126,73272083,7743,621182,41229744,1090402745,0.848,5.234,77.89,21.5
IND,Asia,India,2023-04-01,1400000000,2138643,75410726,31194,652376,61997697,1152400442,0.865,5.386,82.31,21.8
IND,Asia,India,2023-05-01,1400000000,2633559,78044285,34340,686716,62137954,1214538396,0.88,5.575,86.75,22.1
IND,Asia,India,2023-06-01,1400000000,3125214,81169499,34144,720860,32087877,1246626273,0.888,5.798,89.04,22.4
IND,Asia,India,2023-07-01,1400000000,2744889,83914388,18050,738910,58337399,1304963672,0.881,5.994,93.21,22.2
IND,Asia,India,2023-08-01,1400000000,2802051,86716439,38039,776949,51171484,1356135156,0.896,6.194,96.87,22.5
IND,Asia,India,2023-09-01,1400000000,3933004,90649443,10471,787420,61852058,1417987214,0.869,6.475,101.28,21.8
IND,Asia,India,2023-10-01,1400000000,4004458,94653901,62565,849985,33262926,1451250140,0.898,6.761,103.66,22.7
IND,Asia,India,2023-11-01,1400000000,3242353,97896254,43266,893251,62794514,1514044654,0.912,6.993,108.15,23.0
IND,Asia,India,2023-12-01,1400000000,2803595,100699849,9557,902808,39441214,1553485868,0.897,7.193,110.96,22.6
UNI,Europe,United Kingdom,2020-03-01,67000000,92958,92958,554,554,0,0,0.596,0.139,0.0,15.0
UNI,Europe,United Kingdom,2020-04-01,67000000,131948,224906,1164,1718,0,0,0.764,0.336,0.0,19.4
UNI,Europe,United Kingdom,2020-05-01,67000000,176402,401308,358,2076,0,0,0.517,0.599,0.0,13.4
UNI,Europe,United Kingdom,2020-06-01,67000000,223246,624554,548,2624,0,0,0.42,0.932,0.0,11.2
UNI,Europe,United Kingdom,2020-07-01,67000000,219157,843711,1152,3776,0,0,0.448,1.259,0.0,12.2
UNI,Europe,United Kingdom,2020-08-01,67000000,180856,1024567,2300,6076,0,0,0.593,1.529,0.0,16.0
UNI,Europe,United Kingdom,2020-09-01,67000000,140451,1165018,1852,7928,0,0,0.681,1.739,0.0,18.4
UNI,Europe,United Kingdom,2020-10-01,67000000,178155,1343173,1804,9732,0,0,0.725,2.005,0.0,19.7
UNI,Europe,United Kingdom,2020-11-01,67000000,122484,1465657,653,10385,0,0,0.709,2.188,0.0,19.5
UNI,Europe,United Kingdom,2020-12-01,67000000,121396,1587053,357,10742,0,0,0.677,2.369,0.0,18.8
UNI,Europe,United Kingdom,2021-01-01,67000000,112239,1699292,896,11638,146873,146873,0.685,2.536,0.22,19.1
UNI,Europe,United Kingdom,2021-02-01,67000000,89088,1788380,802,12440,439501,586374,0.696,2.669,0.88,19.5
UNI,Europe,United Kingdom,2021-03-01,67000000,73132,1861512,807,13247,393798,980172,0.712,2.778,1.46,19.9
UNI,Europe,United Kingdom,2021-04-01,67000000,17020,1878532,113,13360,656970,1637142,0.711,2.804,2.44,19.9
UNI,Europe,United Kingdom,2021-05-01,67000000,0,1878532,0,13360,881042,2518184,0.711,2.804,3.76,19.8
UNI,Europe,United Kingdom,2021-06-01,67000000,0,1878532,0,13360,1000238,3518422,0.711,2.804,5.25,19.8
UNI,Europe,United Kingdom,2021-07-01,67000000,0,1878532,0,13360,1834626,5353048,0.711,2.804,7.99,19.6
UNI,Europe,United Kingdom,2021-08-01,67000000,45785,1924317,432,13792,2022315,7375363,0.717,2.872,11.01,19.7
UNI,Europe,United Kingdom,2021-09-01,67000000,82295,2006612,702,14494,1232851,8608214,0.722,2.995,12.85,19.8
UNI,Europe,United Kingdom,2021-10-01,67000000,97746,2104358,280,14774,1584704,10192918,0.702,3.141,15.21,19.3
UNI,Europe,United Kingdom,2021-11-01,67000000,140904,2245262,1872,16646,2597838,12790756,0.741,3.351,19.09,20.3
UNI,Europe,United Kingdom,2021-12-01,67000000,200640,2445902,3077,19723,2039935,14830691,0.806,3.651,22.14,22.0
UNI,Europe,United Kingdom,2022-01-01,67000000,198221,2644123,1370,21093,2484168,17314859,0.798,3.946,25.84,21.8
UNI,Europe,United Kingdom,2022-02-01,67000000,148001,2792124,2265,23358,1565167,18880026,0.837,4.167,28.18,22.8
UNI,Europe,United Kingdom,2022-03-01,67000000,166086,2958210,1982,25340,2632990,21513016,0.857,4.415,32.11,23.4
UNI,Europe,United Kingdom,2022-04-01,67000000,169937,3128147,2514,27854,1499785,23012801,0.89,4.669,34.35,24.3
UNI,Europe,United Kingdom,2022-05-01,67000000,116656,3244803,1219,29073,2529767,25542568,0.896,4.843,38.12,24.4
UNI,Europe,United Kingdom,2022-06-01,67000000,132076,3376879,1908,30981,2787629,28330197,0.917,5.04,42.28,24.8
UNI,Europe,United Kingdom,2022-07-01,67000000,110985,3487864,864,31845,3020480,31350677,0.913,5.206,46.79,24.7
UNI,Europe,United Kingdom,2022-08-01,67000000,81685,3569549,247,32092,2116800,33467477,0.899,5.328,49.95,24.2
UNI,Europe,United Kingdom,2022-09-01,67000000,66568,3636117,1007,33099,2303844,35771321,0.91,5.427,53.39,24.4
UNI,Europe,United Kingdom,2022-10-01,67000000,41005,3677122,616,33715,1800058,37571379,0.917,5.488,56.08,24.5
UNI,Europe,United Kingdom,2022-11-01,67000000,0,3677122,0,33715,2467934,40039313,0.917,5.488,59.76,24.3
UNI,Europe,United Kingdom,2022-12-01,67000000,40184,3717306,314,34029,1927989,41967302,0.915,5.548,62.64,24.2
UNI,Europe,United Kingdom,2023-01-01,67000000,0,3717306,0,34029,2032736,44000038,0.915,5.548,65.67,24.0
UNI,Europe,United Kingdom,2023-02-01,67000000,8481,3725787,84,34113,2656610,46656648,0.916,5.561,69.64,23.9
UNI,Europe,United Kingdom,2023-03-01,67000000,72392,3798179,1002,35115,2187392,48844040,0.925,5.669,72.9,24.0
UNI,Europe,United Kingdom,2023-04-01,67000000,117573,3915752,1775,36890,2394382,51238422,0.942,5.844,76.48,24.4
UNI,Europe,United Kingdom,2023-05-01,67000000,103792,4019544,405,37295,2614635,53853057,0.928,5.999,80.38,24.0
UNI,Europe,United Kingdom,2023-06-01,67000000,140429,4159973,938,38233,2102831,55955888,0.919,6.209,83.52,23.8
UNI,Europe,United Kingdom,2023-07-01,67000000,154092,4314065,1816,40049,2786520,58742408,0.928,6.439,87.68,24.0
UNI,Europe,United Kingdom,2023-08-01,67000000,153973,4468038,2410,42459,1842762,60585170,0.95,6.669,90.43,24.6
UNI,Europe,United Kingdom,2023-09-01,67000000,193667,4661705,521,42980,3022190,63607360,0.922,6.958,94.94,23.9
UNI,Europe,United Kingdom,2023-10-01,67000000,168042,4829747,1878,44858,2869921,66477281,0.929,7.209,99.22,24.0
UNI,Europe,United Kingdom,2023-11-01,67000000,170043,4999790,1669,46527,2995108,69472389,0.931,7.462,103.69,24.1
UNI,Europe,United Kingdom,2023-12-01,67000000,155293,5155083,1544,48071,1672676,71145065,0.932,7.694,106.19,24.1
BRA,South America,Brazil,2020-03-01,214000000,231464,231464,2659,2659,0,0,1.149,0.108,0.0,28.8
BRA,South America,Brazil,2020-04-01,214000000,449858,681322,5734,8393,0,0,1.232,0.318,0.0,31.1
BRA,South America,Brazil,2020-05-01,214000000,454953,1136275,3988,12381,0,0,1.09,0.531,0.0,27.7
BRA,South America,Brazil,2020-06-01,214000000,495509,1631784,3688,16069,0,0,0.985,0.763,0.0,25.2
BRA,South America,Brazil,2020-07-01,214000000,580998,2212782,3656,19725,0,0,0.891,1.034,0.0,23.1
BRA,South America,Brazil,2020-08-01,214000000,419171,2631953,3361,23086,0,0,0.877,1.23,0.0,22.9
BRA,South America,Brazil,2020-09-01,214000000,434705,3066658,5501,28587,0,0,0.932,1.433,0.0,24.4
BRA,South America,Brazil,2020-10-01,214000000,496750,3563408,4625,33212,0,0,0.932,1.665,0.0,24.6
BRA,South America,Brazil,2020-11-01,214000000,426467,3989875,4488,37700,0,0,0.945,1.864,0.0,25.1
BRA,South America,Brazil,2020-12-01,214000000,319044,4308919,3736,41436,0,0,0.962,2.014,0.0,25.7
BRA,South America,Brazil,2021-01-01,214000000,194066,4502985,1415,42851,451406,451406,0.952,2.104,0.21,25.5
BRA,South America,Brazil,2021-02-01,214000000,216671,4719656,2989,45840,1359265,1810671,0.971,2.205,0.85,26.0
BRA,South America,Brazil,2021-03-01,214000000,168956,4888612,1225,47065,2423114,4233785,0.963,2.284,1.98,25.8
BRA,South America,Brazil,2021-04-01,214000000,40542,4929154,285,47350,3311288,7545073,0.961,2.303,3.53,25.7
BRA,South America,Brazil,2021-05-01,214000000,70654,4999808,354,47704,2903518,10448591,0.954,2.336,4.88,25.5
BRA,South America,Brazil,2021-06-01,214000000,0,4999808,0,47704,2767594,13216185,0.954,2.336,6.18,25.4
BRA,South America,Brazil,2021-07-01,214000000,20444,5020252,218,47922,5271057,18487242,0.955,2.346,8.64,25.3
BRA,South America,Brazil,2021-08-01,214000000,81355,5101607,315,48237,6207371,24694613,0.946,2.384,11.54,25.0
BRA,South America,Brazil,2021-09-01,214000000,284920,5386527,4449,52686,6878711,31573324,0.978,2.517,14.75,25.7
BRA,South America,Brazil,2021-10-01,214000000,313438,5699965,2535,55221,5898024,37471348,0.969,2.664,17.51,25.5
BRA,South America,Brazil,2021-11-01,214000000,479810,6179775,6621,61842,8937817,46409165,1.001,2.888,21.69,26.3
BRA,South America,Brazil,2021-12-01,214000000,661719,6841494,6445,68287,9160352,55569517,0.998,3.197,25.97,26.2
BRA,South America,Brazil,2022-01-01,214000000,514221,7355715,1140,69427,6765833,62335350,0.944,3.437,29.13,24.9
BRA,South America,Brazil,2022-02-01,214000000,496726,7852441,3650,73077,7782294,70117644,0.931,3.669,32.77,24.6
BRA,South America,Brazil,2022-03-01,214000000,563737,8416178,2388,75465,9582509,79700153,0.897,3.933,37.24,23.7
BRA,South America,Brazil,2022-04-01,214000000,450719,8866897,3127,78592,5845718,85545871,0.886,4.143,39.97,23.5
BRA,South America,Brazil,2022-05-01,214000000,455720,9322617,5555,84147,6728511,92274382,0.903,4.356,43.12,23.9
BRA,South America,Brazil,2022-06-01,214000000,528081,9850698,6602,90749,6740480,99014862,0.921,4.603,46.27,24.4
BRA,South America,Brazil,2022-07-01,214000000,373685,10224383,2753,93502,9327986,108342848,0.915,4.778,50.63,24.2
BRA,South America,Brazil,2022-08-01,214000000,453266,10677649,6530,100032,9450787,117793635,0.937,4.99,55.04,24.7
BRA,South America,Brazil,2022-09-01,214000000,305273,10982922,2368,102400,5522834,123316469,0.932,5.132,57.62,24.5
BRA,South America,Brazil,2022-10-01,214000000,86548,11069470,604,103004,6467761,129784230,0.931,5.173,60.65,24.4
BRA,South America,Brazil,2022-11-01,214000000,49567,11119037,778,103782,5803308,135587538,0.933,5.196,63.36,24.3
BRA,South America,Brazil,2022-12-01,214000000,0,11119037,0,103782,5510393,141097931,0.933,5.196,65.93,24.2
BRA,South America,Brazil,2023-01-01,214000000,0,11119037,0,103782,7866400,148964331,0.933,5.196,69.61,24.0
BRA,South America,Brazil,2023-02-01,214000000,96381,11215418,889,104671,6832782,155797113,0.933,5.241,72.8,23.9
BRA,South America,Brazil,2023-03-01,214000000,287866,11503284,2624,107295,9410403,165207516,0.933,5.375,77.2,23.8
BRA,South America,Brazil,2023-04-01,214000000,396536,11899820,2523,109818,7228659,172436175,0.923,5.561,80.58,23.5
BRA,South America,Brazil,2023-05-01,214000000,343543,12243363,2588,112406,6849555,179285730,0.918,5.721,83.78,23.3
BRA,South America,Brazil,2023-06-01,214000000,421645,12665008,2583,114989,6803599,186089329,0.908,5.918,86.96,23.1
BRA,South America,Brazil,2023-07-01,214000000,455222,13120230,1507,116496,8041488,194130817,0.888,6.131,90.72,22.6
BRA,South America,Brazil,2023-08-01,214000000,373474,13493704,2767,119263,5303861,199434678,0.884,6.305,93.19,22.5
BRA,South America,Brazil,2023-09-01,214000000,460618,13954322,2104,121367,5363827,204798505,0.87,6.521,95.7,22.2
BRA,South America,Brazil,2023-10-01,214000000,528644,14482966,2387,123754,6056852,210855357,0.854,6.768,98.53,21.8
BRA,South America,Brazil,2023-11-01,214000000,554371,15037337,1835,125589,9692421,220547778,0.835,7.027,103.06,21.3
BRA,South America,Brazil,2023-12-01,214000000,495943,15533280,4340,129929,6612802,227160580,0.836,7.259,106.15,21.4
SOU,Africa,South Africa,2020-03-01,60000000,77322,77322,751,751,0,0,0.971,0.129,0.0,24.4
SOU,Africa,South Africa,2020-04-01,60000000,137485,214807,1297,2048,0,0,0.953,0.358,0.0,24.1
SOU,Africa,South Africa,2020-05-01,60000000,141056,355863,2087,4135,0,0,1.162,0.593,0.0,29.5
SOU,Africa,South Africa,2020-06-01,60000000,178879,534742,703,4838,0,0,0.905,0.891,0.0,23.3
SOU,Africa,South Africa,2020-07-01,60000000,176643,711385,1481,6319,0,0,0.888,1.186,0.0,23.1
SOU,Africa,South Africa,2020-08-01,60000000,117847,829232,991,7310,0,0,0.882,1.382,0.0,23.2
SOU,Africa,South Africa,2020-09-01,60000000,134753,963985,1024,8334,0,0,0.865,1.607,0.0,22.9
SOU,Africa,South Africa,2020-10-01,60000000,106318,1070303,1404,9738,0,0,0.91,1.784,0.0,24.2
SOU,Africa,South Africa,2020-11-01,60000000,132255,1202558,1133,10871,0,0,0.904,2.004,0.0,24.2
SOU,Africa,South Africa,2020-12-01,60000000,108912,1311470,1023,11894,0,0,0.907,2.186,0.0,24.4
SOU,Africa,South Africa,2021-01-01,60000000,102517,1413987,1472,13366,206119,206119,0.945,2.357,0.34,25.5
SOU,Africa,South Africa,2021-02-01,60000000,60192,1474179,300,13666,312225,518344,0.927,2.457,0.86,25.1
SOU,Africa,South Africa,2021-03-01,60000000,69887,1544066,793,14459,583374,1101718,0.936,2.573,1.84,25.4
SOU,Africa,South Africa,2021-04-01,60000000,25246,1569312,230,14689,751036,1852754,0.936,2.616,3.09,25.3
SOU,Africa,South Africa,2021-05-01,60000000,0,1569312,0,14689,1087647,2940401,0.936,2.616,4.9,25.2
SOU,Africa,South Africa,2021-06-01,60000000,0,1569312,0,14689,1409304,4349705,0.936,2.616,7.25,25.1
SOU,Africa,South Africa,2021-07-01,60000000,0,1569312,0,14689,1599017,5948722,0.936,2.616,9.91,25.0
SOU,Africa,South Africa,2021-08-01,60000000,0,1569312,0,14689,1091128,7039850,0.936,2.616,11.73,24.9
SOU,Africa,South Africa,2021-09-01,60000000,73056,1642368,197,14886,2087440,9127290,0.906,2.737,15.21,24.1
SOU,Africa,South Africa,2021-10-01,60000000,104396,1746764,1489,16375,1541925,10669215,0.937,2.911,17.78,24.9
SOU,Africa,South Africa,2021-11-01,60000000,134670,1881434,1239,17614,2014017,12683232,0.936,3.136,21.14,24.9
SOU,Africa,South Africa,2021-12-01,60000000,157696,2039130,2001,19615,2641489,15324721,0.962,3.399,25.54,25.5
SOU,Africa,South Africa,2022-01-01,60000000,141646,2180776,1359,20974,1472934,16797655,0.962,3.635,28.0,25.6
SOU,Africa,South Africa,2022-02-01,60000000,147594,2328370,1521,22495,1822518,18620173,0.966,3.881,31.03,25.7
SOU,Africa,South Africa,2022-03-01,60000000,171204,2499574,1059,23554,1767489,20387662,0.942,4.166,33.98,25.2
SOU,Africa,South Africa,2022-04-01,60000000,122135,2621709,1610,25164,2453066,22840728,0.96,4.37,38.07,25.6
SOU,Africa,South Africa,2022-05-01,60000000,147888,2769597,1238,26402,2461938,25302666,0.953,4.616,42.17,25.4
SOU,Africa,South Africa,2022-06-01,60000000,86108,2855705,928,27330,2143282,27445948,0.957,4.76,45.74,25.4
SOU,Africa,South Africa,2022-07-01,60000000,103453,2959158,1452,28782,1400801,28846749,0.973,4.932,48.08,25.9
SOU,Africa,South Africa,2022-08-01,60000000,95847,3055005,486,29268,1492638,30339387,0.958,5.092,50.57,25.5
SOU,Africa,South Africa,2022-09-01,60000000,82544,3137549,988,30256,2452841,32792228,0.964,5.229,54.65,25.6
SOU,Africa,South Africa,2022-10-01,60000000,17203,3154752,174,30430,2119660,34911888,0.965,5.258,58.19,25.4
SOU,Africa,South Africa,2022-11-01,60000000,9178,3163930,90,30520,2320677,37232565,0.965,5.273,62.05,25.2
SOU,Africa,South Africa,2022-12-01,60000000,6556,3170486,74,30594,1890183,39122748,0.965,5.284,65.2,25.1
SOU,Africa,South Africa,2023-01-01,60000000,1890,3172376,17,30611,1995519,41118267,0.965,5.287,68.53,24.9
SOU,Africa,South Africa,2023-02-01,60000000,51794,3224170,502,31113,2673647,43791914,0.965,5.374,72.99,24.8
SOU,Africa,South Africa,2023-03-01,60000000,73752,3297922,911,32024,2370212,46162126,0.971,5.497,76.94,24.8
SOU,Africa,South Africa,2023-04-01,60000000,109584,3407506,617,32641,1785443,47947569,0.958,5.679,79.91,24.5
SOU,Africa,South Africa,2023-05-01,60000000,80020,3487526,278,32919,1692841,49640410,0.944,5.813,82.73,24.1
SOU,Africa,South Africa,2023-06-01,60000000,149290,3636816,929,33848,2724150,52364560,0.931,6.061,87.27,23.8
SOU,Africa,South Africa,2023-07-01,60000000,132108,3768924,1237,35085,1520075,53884635,0.931,6.282,89.81,23.8
SOU,Africa,South Africa,2023-08-01,60000000,148367,3917291,1139,36224,2381911,56266546,0.925,6.529,93.78,23.7
SOU,Africa,South Africa,2023-09-01,60000000,179608,4096899,2541,38765,1697371,57963917,0.946,6.828,96.61,24.3
SOU,Africa,South Africa,2023-10-01,60000000,161997,4258896,2583,41348,2104457,60068374,0.971,7.098,100.11,24.9
SOU,Africa,South Africa,2023-11-01,60000000,144989,4403885,447,41795,2227589,62295963,0.949,7.34,103.83,24.4
SOU,Africa,South Africa,2023-12-01,60000000,145808,4549693,1992,43787,1896494,64192457,0.962,7.583,106.99,24.8
GER,Europe,Germany,2020-03-01,83000000,113213,113213,789,789,0,0,0.697,0.136,0.0,17.5
GER,Europe,Germany,2020-04-01,83000000,225218,338431,3248,4037,0,0,1.193,0.408,0.0,30.2
GER,Europe,Germany,2020-05-01,83000000,206817,545248,1781,5818,0,0,1.067,0.657,0.0,27.2
GER,Europe,Germany,2020-06-01,83000000,213150,758398,3336,9154,0,0,1.207,0.914,0.0,30.9
GER,Europe,Germany,2020-07-01,83000000,223966,982364,1388,10542,0,0,1.073,1.184,0.0,27.8
GER,Europe,Germany,2020-08-01,83000000,232514,1214878,779,11321,0,0,0.932,1.464,0.0,24.5
GER,Europe,Germany,2020-09-01,83000000,168646,1383524,2062,13383,0,0,0.967,1.667,0.0,25.5
GER,Europe,Germany,2020-10-01,83000000,162493,1546017,457,13840,0,0,0.895,1.863,0.0,23.9
GER,Europe,Germany,2020-11-01,83000000,170381,1716398,1132,14972,0,0,0.872,2.068,0.0,23.5
GER,Europe,Germany,2020-12-01,83000000,164149,1880547,1905,16877,0,0,0.897,2.266,0.0,24.2
GER,Europe,Germany,2021-01-01,83000000,132387,2012934,561,17438,246328,246328,0.866,2.425,0.3,23.6
GER,Europe,Germany,2021-02-01,83000000,92160,2105094,733,18171,531726,778054,0.863,2.536,0.94,23.6
GER,Europe,Germany,2021-03-01,83000000,51661,2156755,150,18321,769484,1547538,0.849,2.598,1.86,23.2
GER,Europe,Germany,2021-04-01,83000000,35224,2191979,412,18733,1059801,2607339,0.855,2.641,3.14,23.3
GER,Europe,Germany,2021-05-01,83000000,0,2191979,0,18733,1024129,3631468,0.855,2.641,4.38,23.3
GER,Europe,Germany,2021-06-01,83000000,0,2191979,0,18733,1956600,5588068,0.855,2.641,6.73,23.2
GER,Europe,Germany,2021-07-01,83000000,0,2191979,0,18733,1431269,7019337,0.855,2.641,8.46,23.1
GER,Europe,Germany,2021-08-01,83000000,21928,2213907,303,19036,2422205,9441542,0.86,2.667,11.38,23.1
GER,Europe,Germany,2021-09-01,83000000,90919,2304826,1121,20157,2600040,12041582,0.875,2.777,14.51,23.4
GER,Europe,Germany,2021-10-01,83000000,120113,2424939,1865,22022,2648532,14690114,0.908,2.922,17.7,24.2
GER,Europe,Germany,2021-11-01,83000000,198506,2623445,1822,23844,3473925,18164039,0.909,3.161,21.88,24.2
GER,Europe,Germany,2021-12-01,83000000,274067,2897512,1889,25733,2356035,20520074,0.888,3.491,24.72,23.8
GER,Europe,Germany,2022-01-01,83000000,203787,3101299,2737,28470,2097420,22617494,0.918,3.737,27.25,24.6
GER,Europe,Germany,2022-02-01,83000000,192442,3293741,2720,31190,2588861,25206355,0.947,3.968,30.37,25.3
GER,Europe,Germany,2022-03-01,83000000,174333,3468074,2156,33346,1912579,27118934,0.962,4.178,32.67,25.8
GER,Europe,Germany,2022-04-01,83000000,229225,3697299,2988,36334,3758078,30877012,0.983,4.455,37.2,26.3
GER,Europe,Germany,2022-05-01,83000000,248561,3945860,3295,39629,2390836,33267848,1.004,4.754,40.08,26.9
GER,Europe,Germany,2022-06-01,83000000,159827,4105687,1880,41509,3463940,36731788,1.011,4.947,44.26,27.0
GER,Europe,Germany,2022-07-01,83000000,174406,4280093,2237,43746,2204475,38936263,1.022,5.157,46.91,27.3
GER,Europe,Germany,2022-08-01,83000000,87947,4368040,1208,44954,3484241,42420504,1.029,5.263,51.11,27.4
GER,Europe,Germany,2022-09-01,83000000,72520,4440560,928,45882,2714799,45135303,1.033,5.35,54.38,27.4
GER,Europe,Germany,2022-10-01,83000000,0,4440560,0,45882,2492279,47627582,1.033,5.35,57.38,27.2
GER,Europe,Germany,2022-11-01,83000000,0,4440560,0,45882,3232787,50860369,1.033,5.35,61.28,27.0
GER,Europe,Germany,2022-12-01,83000000,6782,4447342,44,45926,2940947,53801316,1.033,5.358,64.82,26.9
GER,Europe,Germany,2023-01-01,83000000,0,4447342,0,45926,3721664,57522980,1.033,5.358,69.3,26.6
GER,Europe,Germany,2023-02-01,83000000,29667,4477009,436,46362,3184633,60707613,1.036,5.394,73.14,26.6
GER,Europe,Germany,2023-03-01,83000000,78865,4555874,159,46521,3636276,64343889,1.021,5.489,77.52,26.0
GER,Europe,Germany,2023-04-01,83000000,135635,4691509,671,47192,1852559,66196448,1.006,5.652,79.75,25.7
GER,Europe,Germany,2023-05-01,83000000,179720,4871229,1214,48406,2459268,68655716,0.994,5.869,82.72,25.4
GER,Europe,Germany,2023-06-01,83000000,165862,5037091,1083,49489,2717567,71373283,0.982,6.069,85.99,25.1
GER,Europe,Germany,2023-07-01,83000000,196422,5233513,977,50466,2505744,73879027,0.964,6.305,89.01,24.7
GER,Europe,Germany,2023-08-01,83000000,219326,5452839,1945,52411,3273355,77152382,0.961,6.57,92.95,24.6
GER,Europe,Germany,2023-09-01,83000000,195867,5648706,1378,53789,3777066,80929448,0.952,6.806,97.51,24.4
GER,Europe,Germany,2023-10-01,83000000,219173,5867879,929,54718,3573473,84502921,0.933,7.07,101.81,23.9
GER,Europe,Germany,2023-11-01,83000000,220014,6087893,970,55688,2589888,87092809,0.915,7.335,104.93,23.5
GER,Europe,Germany,2023-12-01,83000000,199914,6287807,582,56270,3619040,90711849,0.895,7.576,109.29,23.0
JAP,Asia,Japan,2020-03-01,125000000,183733,183733,938,938,0,0,0.511,0.147,0.0,12.9
JAP,Asia,Japan,2020-04-01,125000000,216720,400453,3323,4261,0,0,1.064,0.32,0.0,26.9
JAP,Asia,Japan,2020-05-01,125000000,296505,696958,717,4978,0,0,0.714,0.558,0.0,18.3
JAP,Asia,Japan,2020-06-01,125000000,418726,1115684,1501,6479,0,0,0.581,0.893,0.0,15.2
JAP,Asia,Japan,2020-07-01,125000000,316624,1432308,3916,10395,0,0,0.726,1.146,0.0,19.1
JAP,Asia,Japan,2020-08-01,125000000,393646,1825954,4288,14683,0,0,0.804,1.461,0.0,21.3
JAP,Asia,Japan,2020-09-01,125000000,297717,2123671,1364,16047,0,0,0.756,1.699,0.0,20.3
JAP,Asia,Japan,2020-10-01,125000000,184265,2307936,1587,17634,0,0,0.764,1.846,0.0,20.6
JAP,Asia,Japan,2020-11-01,125000000,201121,2509057,689,18323,0,0,0.73,2.007,0.0,19.9
JAP,Asia,Japan,2020-12-01,125000000,262733,2771790,2233,20556,0,0,0.742,2.217,0.0,20.3
JAP,Asia,Japan,2021-01-01,125000000,179357,2951147,2679,23235,445547,445547,0.787,2.361,0.36,21.5
JAP,Asia,Japan,2021-02-01,125000000,140224,3091371,1795,25030,822984,1268531,0.81,2.473,1.01,22.2
JAP,Asia,Japan,2021-03-01,125000000,47509,3138880,503,25533,1015035,2283566,0.813,2.511,1.83,22.2
JAP,Asia,Japan,2021-04-01,125000000,3175,3142055,27,25560,1610341,3893907,0.813,2.514,3.12,22.2
JAP,Asia,Japan,2021-05-01,125000000,0,3142055,0,25560,1481006,5374913,0.813,2.514,4.3,22.1
JAP,Asia,Japan,2021-06-01,125000000,0,3142055,0,25560,2533394,7908307,0.813,2.514,6.33,22.0
JAP,Asia,Japan,2021-07-01,125000000,42806,3184861,210,25770,2928996,10837303,0.809,2.548,8.67,21.8
JAP,Asia,Japan,2021-08-01,125000000,55850,3240711,720,26490,2706286,13543589,0.817,2.593,10.83,22.0
JAP,Asia,Japan,2021-09-01,125000000,98521,3339232,743,27233,2472263,16015852,0.816,2.671,12.81,21.9
JAP,Asia,Japan,2021-10-01,125000000,168576,3507808,1426,28659,4861616,20877468,0.817,2.806,16.7,21.8
JAP,Asia,Japan,2021-11-01,125000000,334044,3841852,2377,31036,5533019,26410487,0.808,3.073,21.13,21.6
JAP,Asia,Japan,2021-12-01,125000000,340111,4181963,4414,35450,4409315,30819802,0.848,3.346,24.66,22.6
JAP,Asia,Japan,2022-01-01,125000000,297756,4479719,2617,38067,5621625,36441427,0.85,3.584,29.15,22.7
JAP,Asia,Japan,2022-02-01,125000000,207432,4687151,3235,41302,5196641,41638068,0.881,3.75,33.31,23.4
JAP,Asia,Japan,2022-03-01,125000000,360239,5047390,1162,42464,4708710,46346778,0.841,4.038,37.08,22.4
JAP,Asia,Japan,2022-04-01,125000000,332700,5380090,3130,45594,4847165,51193943,0.847,4.304,40.96,22.6
JAP,Asia,Japan,2022-05-01,125000000,353253,5733343,4424,50018,3724081,54918024,0.872,4.587,43.93,23.3
JAP,Asia,Japan,2022-06-01,125000000,250344,5983687,3010,53028,2903572,57821596,0.886,4.787,46.26,23.7
JAP,Asia,Japan,2022-07-01,125000000,295834,6279521,3569,56597,2910215,60731811,0.901,5.024,48.59,24.1
JAP,Asia,Japan,2022-08-01,125000000,180128,6459649,1195,57792,2968274,63700085,0.895,5.168,50.96,24.0
JAP,Asia,Japan,2022-09-01,125000000,118005,6577654,1447,59239,5692373,69392458,0.901,5.262,55.51,24.0
JAP,Asia,Japan,2022-10-01,125000000,53547,6631201,794,60033,5263469,74655927,0.905,5.305,59.72,23.9
JAP,Asia,Japan,2022-11-01,125000000,0,6631201,0,60033,5028232,79684159,0.905,5.305,63.75,23.7
JAP,Asia,Japan,2022-12-01,125000000,0,6631201,0,60033,4252751,83936910,0.905,5.305,67.15,23.5
JAP,Asia,Japan,2023-01-01,125000000,0,6631201,0,60033,3057483,86994393,0.905,5.305,69.6,23.4
JAP,Asia,Japan,2023-02-01,125000000,48974,6680175,680,60713,3025654,90020047,0.909,5.344,72.02,23.4
JAP,Asia,Japan,2023-03-01,125000000,123103,6803278,404,61117,3236277,93256324,0.898,5.443,74.61,23.1
JAP,Asia,Japan,2023-04-01,125000000,219845,7023123,1955,63072,5000472,98256796,0.898,5.618,78.61,23.0
JAP,Asia,Japan,2023-05-01,125000000,270707,7293830,3444,66516,3695768,101952564,0.912,5.835,81.56,23.4
JAP,Asia,Japan,2023-06-01,125000000,252137,7545967,3958,70474,4426658,106379222,0.934,6.037,85.1,23.9
JAP,Asia,Japan,2023-07-01,125000000,349839,7895806,3672,74146,3777388,110156610,0.939,6.317,88.13,24.1
JAP,Asia,Japan,2023-08-01,125000000,294686,8190492,2017,76163,3473110,113629720,0.93,6.552,90.9,23.9
JAP,Asia,Japan,2023-09-01,125000000,326620,8517112,813,76976,4547726,118177446,0.904,6.814,94.54,23.3
JAP,Asia,Japan,2023-10-01,125000000,278824,8795936,2305,79281,5051016,123228462,0.901,7.037,98.58,23.2
JAP,Asia,Japan,2023-11-01,125000000,340466,9136402,4731,84012,5672821,128901283,0.92,7.309,103.12,23.7
JAP,Asia,Japan,2023-12-01,125000000,269631,9406033,2918,86930,4832141,133733424,0.924,7.525,106.99,23.8
CAN,North America,Canada,2020-03-01,39000000,63402,63402,833,833,0,0,1.314,0.163,0.0,33.0
CAN,North America,Canada,2020-04-01,39000000,79855,143257,763,1596,0,0,1.114,0.367,0.0,28.1
CAN,North America,Canada,2020-05-01,39000000,100723,243980,340,1936,0,0,0.794,0.626,0.0,20.4
CAN,North America,Canada,2020-06-01,39000000,95399,339379,913,2849,0,0,0.839,0.87,0.0,21.7
CAN,North America,Canada,2020-07-01,39000000,109624,449003,1560,4409,0,0,0.982,1.151,0.0,25.5
CAN,North America,Canada,2020-08-01,39000000,80257,529260,877,5286,0,0,0.999,1.357,0.0,26.1
CAN,North America,Canada,2020-09-01,39000000,99196,628456,1416,6702,0,0,1.066,1.611,0.0,27.9
CAN,North America,Canada,2020-10-01,39000000,86503,714959,837,7539,0,0,1.054,1.833,0.0,27.8
CAN,North America,Canada,2020-11-01,39000000,76158,791117,454,7993,0,0,1.01,2.029,0.0,26.9
CAN,North America,Canada,2020-12-01,39000000,74285,865402,341,8334,0,0,0.963,2.219,0.0,25.9
CAN,North America,Canada,2021-01-01,39000000,39450,904852,446,8780,125193,125193,0.97,2.32,0.32,26.1
CAN,North America,Canada,2021-02-01,39000000,50268,955120,150,8930,292060,417253,0.935,2.449,1.07,25.3
CAN,North America,Canada,2021-03-01,39000000,12268,967388,183,9113,437305,854558,0.942,2.48,2.19,25.4
CAN,North America,Canada,2021-04-01,39000000,33032,1000420,202,9315,436610,1291168,0.931,2.565,3.31,25.2
CAN,North America,Canada,2021-05-01,39000000,8721,1009141,67,9382,538338,1829506,0.93,2.588,4.69,25.1
CAN,North America,Canada,2021-06-01,39000000,0,1009141,0,9382,647674,2477180,0.93,2.588,6.35,25.0
CAN,North America,Canada,2021-07-01,39000000,1168,1010309,9,9391,852373,3329553,0.93,2.591,8.54,24.9
CAN,North America,Canada,2021-08-01,39000000,48560,1058869,341,9732,1236052,4565605,0.919,2.715,11.71,24.6
CAN,North America,Canada,2021-09-01,39000000,22721,1081590,140,9872,939852,5505457,0.913,2.773,14.12,24.3
CAN,North America,Canada,2021-10-01,39000000,53053,1134643,311,10183,1290739,6796196,0.897,2.909,17.43,23.9
CAN,North America,Canada,2021-11-01,39000000,79783,1214426,792,10975,866909,7663105,0.904,3.114,19.65,24.1
CAN,North America,Canada,2021-12-01,39000000,111343,1325769,224,11199,1324290,8987395,0.845,3.399,23.04,22.7
CAN,North America,Canada,2022-01-01,39000000,101363,1427132,811,12010,1406014,10393409,0.842,3.659,26.65,22.6
CAN,North America,Canada,2022-02-01,39000000,80584,1507716,492,12502,1755721,12149130,0.829,3.866,31.15,22.3
CAN,North America,Canada,2022-03-01,39000000,93047,1600763,263,12765,922998,13072128,0.797,4.105,33.52,21.5
CAN,North America,Canada,2022-04-01,39000000,81610,1682373,1027,13792,1641997,14714125,0.82,4.314,37.73,22.1
CAN,North America,Canada,2022-05-01,39000000,78525,1760898,475,14267,1537473,16251598,0.81,4.515,41.67,21.8
CAN,North America,Canada,2022-06-01,39000000,63049,1823947,469,14736,1157213,17408811,0.808,4.677,44.64,21.7
CAN,North America,Canada,2022-07-01,39000000,75908,1899855,677,15413,1581442,18990253,0.811,4.871,48.69,21.7
CAN,North America,Canada,2022-08-01,39000000,45890,1945745,523,15936,952536,19942789,0.819,4.989,51.14,21.9
CAN,North America,Canada,2022-09-01,39000000,37230,1982975,82,16018,976739,20919528,0.808,5.085,53.64,21.6
CAN,North America,Canada,2022-10-01,39000000,17832,2000807,141,16159,1508870,22428398,0.808,5.13,57.51,21.4
CAN,North America,Canada,2022-11-01,39000000,0,2000807,0,16159,1505152,23933550,0.808,5.13,61.37,21.2
CAN,North America,Canada,2022-12-01,39000000,0,2000807,0,16159,1305553,25239103,0.808,5.13,64.72,21.1
CAN,North America,Canada,2023-01-01,39000000,12285,2013092,183,16342,1645147,26884250,0.812,5.162,68.93,21.0
CAN,North America,Canada,2023-02-01,39000000,0,2013092,0,16342,1619065,28503315,0.812,5.162,73.09,20.8
CAN,North America,Canada,2023-03-01,39000000,36590,2049682,316,16658,1538397,30041712,0.813,5.256,77.03,20.7
CAN,North America,Canada,2023-04-01,39000000,48500,2098182,99,16757,1792977,31834689,0.799,5.38,81.63,20.2
CAN,North America,Canada,2023-05-01,39000000,49924,2148106,251,17008,1657200,33491889,0.792,5.508,85.88,19.9
CAN,North America,Canada,2023-06-01,39000000,80565,2228671,907,17915,1555888,35047777,0.804,5.715,89.87,20.2
CAN,North America,Canada,2023-07-01,39000000,89608,2318279,263,18178,1640617,36688394,0.784,5.944,94.07,19.7
CAN,North America,Canada,2023-08-01,39000000,67298,2385577,738,18916,1537392,38225786,0.793,6.117,98.01,19.8
CAN,North America,Canada,2023-09-01,39000000,104869,2490446,1632,20548,1151814,39377600,0.825,6.386,100.97,20.7
CAN,North America,Canada,2023-10-01,39000000,98838,2589284,1463,22011,1237680,40615280,0.85,6.639,104.14,21.4
CAN,North America,Canada,2023-11-01,39000000,107560,2696844,367,22378,1359509,41974789,0.83,6.915,107.63,20.9
CAN,North America,Canada,2023-12-01,39000000,98772,2795616,1125,23503,1114116,43088905,0.841,7.168,110.48,21.2
FRA,Europe,France,2020-03-01,68000000,105819,105819,565,565,0,0,0.534,0.156,0.0,13.5
FRA,Europe,France,2020-04-01,68000000,124062,229881,1029,1594,0,0,0.693,0.338,0.0,17.6
FRA,Europe,France,2020-05-01,68000000,169629,399510,1893,3487,0,0,0.873,0.588,0.0,22.3
FRA,Europe,France,2020-06-01,68000000,172224,571734,1856,5343,0,0,0.935,0.841,0.0,24.0
FRA,Europe,France,2020-07-01,68000000,181157,752891,1583,6926,0,0,0.92,1.107,0.0,23.9
FRA,Europe,France,2020-08-01,68000000,196085,948976,1649,8575,0,0,0.904,1.396,0.0,23.7
FRA,Europe,France,2020-09-01,68000000,143411,1092387,1105,9680,0,0,0.886,1.606,0.0,23.4
FRA,Europe,France,2020-10-01,68000000,130114,1222501,1591,11271,0,0,0.922,1.798,0.0,24.5
FRA,Europe,France,2020-11-01,68000000,124070,1346571,1016,12287,0,0,0.912,1.98,0.0,24.4
FRA,Europe,France,2020-12-01,68000000,125449,1472020,1114,13401,0,0,0.91,2.165,0.0,24.5
FRA,Europe,France,2021-01-01,68000000,107038,1579058,1113,14514,199226,199226,0.919,2.322,0.29,24.8
FRA,Europe,France,2021-02-01,68000000,26033,1605091,414,14928,329046,528272,0.93,2.36,0.78,25.1
FRA,Europe,France,2021-03-01,68000000,30344,1635435,161,15089,501402,1029674,0.923,2.405,1.51,24.9
FRA,Europe,France,2021-04-01,68000000,32281,1667716,427,15516,866956,1896630,0.93,2.453,2.79,25.1
FRA,Europe,France,2021-05-01,68000000,0,1667716,0,15516,994252,2890882,0.93,2.453,4.25,25.0
FRA,Europe,France,2021-06-01,68000000,0,1667716,0,15516,1045242,3936124,0.93,2.453,5.79,24.9
FRA,Europe,France,2021-07-01,68000000,554,1668270,7,15523,990530,4926654,0.93,2.453,7.25,24.8
FRA,Europe,France,2021-08-01,68000000,65040,1733310,553,16076,1462942,6389596,0.927,2.549,9.4,24.7
FRA,Europe,France,2021-09-01,68000000,125181,1858491,734,16810,1526342,7915938,0.904,2.733,11.64,24.2
FRA,Europe,France,2021-10-01,68000000,128069,1986560,1970,18780,1509341,9425279,0.945,2.921,13.86,25.3
FRA,Europe,France,2021-11-01,68000000,157568,2144128,1964,20744,1771321,11196600,0.967,3.153,16.47,25.9
FRA,Europe,France,2021-12-01,68000000,204148,2348276,644,21388,1701552,12898152,0.911,3.453,18.97,24.6
FRA,Europe,France,2022-01-01,68000000,179209,2527485,1123,22511,2475449,15373601,0.891,3.717,22.61,24.1
FRA,Europe,France,2022-02-01,68000000,162641,2690126,600,23111,2252469,17626070,0.859,3.956,25.92,23.3
FRA,Europe,France,2022-03-01,68000000,182144,2872270,2204,25315,1927412,19553482,0.881,4.224,28.76,24.0
FRA,Europe,France,2022-04-01,68000000,220976,3093246,1094,26409,2170255,21723737,0.854,4.549,31.95,23.4
FRA,Europe,France,2022-05-01,68000000,151019,3244265,2140,28549,1926440,23650177,0.88,4.771,34.78,24.1
FRA,Europe,France,2022-06-01,68000000,155372,3399637,1730,30279,1507288,25157465,0.891,4.999,37.0,24.4
FRA,Europe,France,2022-07-01,68000000,122498,3522135,1880,32159,2642299,27799764,0.913,5.18,40.88,24.9
FRA,Europe,France,2022-08-01,68000000,109125,3631260,1626,33785,2319882,30119646,0.93,5.34,44.29,25.3
FRA,Europe,France,2022-09-01,68000000,131667,3762927,630,34415,2685081,32804727,0.915,5.534,48.24,24.9
FRA,Europe,France,2022-10-01,68000000,42478,3805405,373,34788,2267451,35072178,0.914,5.596,51.58,24.7
FRA,Europe,France,2022-11-01,68000000,10605,3816010,82,34870,1711433,36783611,0.914,5.612,54.09,24.6
FRA,Europe,France,2022-12-01,68000000,0,3816010,0,34870,1860068,38643679,0.914,5.612,56.83,24.5
FRA,Europe,France,2023-01-01,68000000,0,3816010,0,34870,2032186,40675865,0.914,5.612,59.82,24.3
FRA,Europe,France,2023-02-01,68000000,13957,3829967,31,34901,2689332,43365197,0.911,5.632,63.77,24.1
FRA,Europe,France,2023-03-01,68000000,55930,3885897,500,35401,2363091,45728288,0.911,5.715,67.25,24.0
FRA,Europe,France,2023-04-01,68000000,86747,3972644,1172,36573,2114836,47843124,0.921,5.842,70.36,24.2
FRA,Europe,France,2023-05-01,68000000,97329,4069973,1093,37666,2524512,50367636,0.925,5.985,74.07,24.2
FRA,Europe,France,2023-06-01,68000000,130815,4200788,1886,39552,2238851,52606487,0.942,6.178,77.36,24.6
FRA,Europe,France,2023-07-01,68000000,122115,4322903,279,39831,2492297,55098784,0.921,6.357,81.03,24.1
FRA,Europe,France,2023-08-01,68000000,155296,4478199,2079,41910,3108859,58207643,0.936,6.586,85.6,24.4
FRA,Europe,France,2023-09-01,68000000,149597,4627796,1804,43714,2349637,60557280,0.945,6.806,89.05,24.6
FRA,Europe,France,2023-10-01,68000000,190279,4818075,874,44588,1964887,62522167,0.925,7.085,91.94,24.2
FRA,Europe,France,2023-11-01,68000000,157541,4975616,1639,46227,2318631,64840798,0.929,7.317,95.35,24.3
FRA,Europe,France,2023-12-01,68000000,173998,5149614,720,46947,1678393,66519191,0.912,7.573,97.82,24.0
ITA,Europe,Italy,2020-03-01,59000000,81180,81180,1229,1229,0,0,1.514,0.138,0.0,38.0
ITA,Europe,Italy,2020-04-01,59000000,116743,197923,404,1633,0,0,0.825,0.335,0.0,20.9
ITA,Europe,Italy,2020-05-01,59000000,137630,335553,1684,3317,0,0,0.989,0.569,0.0,25.2
ITA,Europe,Italy,2020-06-01,59000000,165332,500885,2106,5423,0,0,1.083,0.849,0.0,27.8
ITA,Europe,Italy,2020-07-01,59000000,112570,613455,858,6281,0,0,1.024,1.04,0.0,26.4
ITA,Europe,Italy,2020-08-01,59000000,163624,777079,2246,8527,0,0,1.097,1.317,0.0,28.5
ITA,Europe,Italy,2020-09-01,59000000,120613,897692,560,9087,0,0,1.012,1.522,0.0,26.5
ITA,Europe,Italy,2020-10-01,59000000,86591,984283,193,9280,0,0,0.943,1.668,0.0,24.9
ITA,Europe,Italy,2020-11-01,59000000,84093,1068376,437,9717,0,0,0.91,1.811,0.0,24.2
ITA,Europe,Italy,2020-12-01,59000000,96536,1164912,481,10198,0,0,0.875,1.974,0.0,23.5
ITA,Europe,Italy,2021-01-01,59000000,60782,1225694,971,11169,167200,167200,0.911,2.077,0.28,24.4
ITA,Europe,Italy,2021-02-01,59000000,65522,1291216,851,12020,470320,637520,0.931,2.189,1.08,25.0
ITA,Europe,Italy,2021-03-01,59000000,43231,1334447,644,12664,668442,1305962,0.949,2.262,2.21,25.4
ITA,Europe,Italy,2021-04-01,59000000,6439,1340886,79,12743,862603,2168565,0.95,2.273,3.68,25.4
ITA,Europe,Italy,2021-05-01,59000000,0,1340886,0,12743,856357,3024922,0.95,2.273,5.13,25.3
ITA,Europe,Italy,2021-06-01,59000000,0,1340886,0,12743,1153916,4178838,0.95,2.273,7.08,25.2
ITA,Europe,Italy,2021-07-01,59000000,4917,1345803,55,12798,864959,5043797,0.951,2.281,8.55,25.2
ITA,Europe,Italy,2021-08-01,59000000,44748,1390551,562,13360,1818359,6862156,0.961,2.357,11.63,25.3
ITA,Europe,Italy,2021-09-01,59000000,47441,1437992,584,13944,1778178,8640334,0.97,2.437,14.64,25.5
ITA,Europe,Italy,2021-10-01,59000000,93123,1531115,946,14890,1877112,10517446,0.972,2.595,17.83,25.5
ITA,Europe,Italy,2021-11-01,59000000,140013,1671128,1614,16504,2592544,13109990,0.988,2.832,22.22,25.9
ITA,Europe,Italy,2021-12-01,59000000,144218,1815346,572,17076,1383070,14493060,0.941,3.077,24.56,24.8
ITA,Europe,Italy,2022-01-01,59000000,153674,1969020,987,18063,1447629,15940689,0.917,3.337,27.02,24.2
ITA,Europe,Italy,2022-02-01,59000000,160755,2129775,2494,20557,2664335,18605024,0.965,3.61,31.53,25.4
ITA,Europe,Italy,2022-03-01,59000000,126078,2255853,1971,22528,2154286,20759310,0.999,3.823,35.19,26.3
ITA,Europe,Italy,2022-04-01,59000000,145272,2401125,2028,24556,2679202,23438512,1.023,4.07,39.73,26.8
ITA,Europe,Italy,2022-05-01,59000000,92783,2493908,650,25206,2252499,25691011,1.011,4.227,43.54,26.5
ITA,Europe,Italy,2022-06-01,59000000,116764,2610672,1627,26833,1597518,27288529,1.028,4.425,46.25,26.9
ITA,Europe,Italy,2022-07-01,59000000,126116,2736788,933,27766,1946793,29235322,1.015,4.639,49.55,26.6
ITA,Europe,Italy,2022-08-01,59000000,98057,2834845,848,28614,1785182,31020504,1.009,4.805,52.58,26.4
ITA,Europe,Italy,2022-09-01,59000000,35768,2870613,415,29029,2245914,33266418,1.011,4.865,56.38,26.3
ITA,Europe,Italy,2022-10-01,59000000,31151,2901764,113,29142,2188722,35455140,1.004,4.918,60.09,26.0
ITA,Europe,Italy,2022-11-01,59000000,0,2901764,0,29142,1877703,37332843,1.004,4.918,63.28,25.9
ITA,Europe,Italy,2022-12-01,59000000,0,2901764,0,29142,2679891,40012734,1.004,4.918,67.82,25.6
ITA,Europe,Italy,2023-01-01,59000000,0,2901764,0,29142,1812217,41824951,1.004,4.918,70.89,25.5
ITA,Europe,Italy,2023-02-01,59000000,39175,2940939,111,29253,2129391,43954342,0.995,4.985,74.5,25.1
ITA,Europe,Italy,2023-03-01,59000000,40918,2981857,332,29585,1368311,45322653,0.992,5.054,76.82,25.0
ITA,Europe,Italy,2023-04-01,59000000,90451,3072308,876,30461,1924936,47247589,0.991,5.207,80.08,24.9
ITA,Europe,Italy,2023-05-01,59000000,117329,3189637,1802,32263,2073309,49320898,1.011,5.406,83.59,25.4
ITA,Europe,Italy,2023-06-01,59000000,120256,3309893,1067,33330,2180966,51501864,1.007,5.61,87.29,25.3
ITA,Europe,Italy,2023-07-01,59000000,154569,3464462,1521,34851,1561960,53063824,1.006,5.872,89.94,25.4
ITA,Europe,Italy,2023-08-01,59000000,144683,3609145,2134,36985,2144513,55208337,1.025,6.117,93.57,25.8
ITA,Europe,Italy,2023-09-01,59000000,134214,3743359,816,37801,2254814,57463151,1.01,6.345,97.4,25.5
ITA,Europe,Italy,2023-10-01,59000000,141532,3884891,349,38150,1378217,58841368,0.982,6.585,99.73,24.8
ITA,Europe,Italy,2023-11-01,59000000,150578,4035469,2206,40356,2219390,61060758,1.0,6.84,103.49,25.3
ITA,Europe,Italy,2023-12-01,59000000,157084,4192553,2468,42824,1994418,63055176,1.021,7.106,106.87,25.9
NEW,Oceania,New Zealand,2020-03-01,5100000,5983,5983,43,43,0,0,0.719,0.117,0.0,18.1
NEW,Oceania,New Zealand,2020-04-01,5100000,9180,15163,42,85,0,0,0.561,0.297,0.0,14.3
NEW,Oceania,New Zealand,2020-05-01,5100000,14664,29827,78,163,0,0,0.546,0.585,0.0,14.1
NEW,Oceania,New Zealand,2020-06-01,5100000,13695,43522,121,284,0,0,0.653,0.853,0.0,17.0
NEW,Oceania,New Zealand,2020-07-01,5100000,15478,59000,82,366,0,0,0.62,1.157,0.0,16.4
NEW,Oceania,New Zealand,2020-08-01,5100000,11086,70086,36,402,0,0,0.574,1.374,0.0,15.4
NEW,Oceania,New Zealand,2020-09-01,5100000,11096,81182,152,554,0,0,0.682,1.592,0.0,18.3
NEW,Oceania,New Zealand,2020-10-01,5100000,10186,91368,149,703,0,0,0.769,1.792,0.0,20.7
NEW,Oceania,New Zealand,2020-11-01,5100000,13959,105327,101,804,0,0,0.763,2.065,0.0,20.7
NEW,Oceania,New Zealand,2020-12-01,5100000,9651,114978,90,894,0,0,0.778,2.254,0.0,21.3
NEW,Oceania,New Zealand,2021-01-01,5100000,6355,121333,22,916,14470,14470,0.755,2.379,0.28,20.8
NEW,Oceania,New Zealand,2021-02-01,5100000,7796,129129,117,1033,37401,51871,0.8,2.532,1.02,22.0
NEW,Oceania,New Zealand,2021-03-01,5100000,4602,133731,43,1076,56608,108479,0.805,2.622,2.13,22.1
NEW,Oceania,New Zealand,2021-04-01,5100000,539,134270,7,1083,40747,149226,0.807,2.633,2.93,22.1
NEW,Oceania,New Zealand,2021-05-01,5100000,0,134270,0,1083,93511,242737,0.807,2.633,4.76,22.0
NEW,Oceania,New Zealand,2021-06-01,5100000,2981,137251,27,1110,71580,314317,0.809,2.691,6.16,22.1
NEW,Oceania,New Zealand,2021-07-01,5100000,193,137444,1,1111,88083,402400,0.808,2.695,7.89,22.0
NEW,Oceania,New Zealand,2021-08-01,5100000,1526,138970,19,1130,123392,525792,0.813,2.725,10.31,22.0
NEW,Oceania,New Zealand,2021-09-01,5100000,5677,144647,46,1176,139947,665739,0.813,2.836,13.05,21.9
NEW,Oceania,New Zealand,2021-10-01,5100000,9842,154489,65,1241,130397,796136,0.803,3.029,15.61,21.7
NEW,Oceania,New Zealand,2021-11-01,5100000,13281,167770,131,1372,151322,947458,0.818,3.29,18.58,22.2
NEW,Oceania,New Zealand,2021-12-01,5100000,10522,178292,56,1428,131457,1078915,0.801,3.496,21.16,21.8
NEW,Oceania,New Zealand,2022-01-01,5100000,11360,189652,175,1603,135930,1214845,0.845,3.719,23.82,22.9
NEW,Oceania,New Zealand,2022-02-01,5100000,10550,200202,150,1753,187295,1402140,0.876,3.926,27.49,23.7
NEW,Oceania,New Zealand,2022-03-01,5100000,13353,213555,181,1934,183536,1585676,0.906,4.187,31.09,24.4
NEW,Oceania,New Zealand,2022-04-01,5100000,8523,222078,111,2045,115712,1701388,0.921,4.354,33.36,24.8
NEW,Oceania,New Zealand,2022-05-01,5100000,10321,232399,46,2091,139980,1841368,0.9,4.557,36.11,24.3
NEW,Oceania,New Zealand,2022-06-01,5100000,10892,243291,106,2197,166388,2007756,0.903,4.77,39.37,24.4
NEW,Oceania,New Zealand,2022-07-01,5100000,8505,251796,81,2278,150767,2158523,0.905,4.937,42.32,24.5
NEW,Oceania,New Zealand,2022-08-01,5100000,9015,260811,48,2326,166040,2324563,0.892,5.114,45.58,24.1
NEW,Oceania,New Zealand,2022-09-01,5100000,5748,266559,85,2411,220283,2544846,0.904,5.227,49.9,24.3
NEW,Oceania,New Zealand,2022-10-01,5100000,678,267237,4,2415,128200,2673046,0.904,5.24,52.41,24.2
NEW,Oceania,New Zealand,2022-11-01,5100000,0,267237,0,2415,217443,2890489,0.904,5.24,56.68,24.0
NEW,Oceania,New Zealand,2022-12-01,5100000,0,267237,0,2415,226226,3116715,0.904,5.24,61.11,23.7
NEW,Oceania,New Zealand,2023-01-01,5100000,0,267237,0,2415,195259,3311974,0.904,5.24,64.94,23.5
NEW,Oceania,New Zealand,2023-02-01,5100000,4147,271384,38,2453,162163,3474137,0.904,5.321,68.12,23.5
NEW,Oceania,New Zealand,2023-03-01,5100000,3781,275165,47,2500,158981,3633118,0.909,5.395,71.24,23.5
NEW,Oceania,New Zealand,2023-04-01,5100000,7482,282647,91,2591,133782,3766900,0.917,5.542,73.86,23.7
NEW,Oceania,New Zealand,2023-05-01,5100000,10322,292969,30,2621,158628,3925528,0.895,5.744,76.97,23.1
NEW,Oceania,New Zealand,2023-06-01,5100000,12846,305815,170,2791,225633,4151161,0.913,5.996,81.4,23.6
NEW,Oceania,New Zealand,2023-07-01,5100000,10380,316195,109,2900,183398,4334559,0.917,6.2,84.99,23.6
NEW,Oceania,New Zealand,2023-08-01,5100000,13147,329342,120,3020,114761,4449320,0.917,6.458,87.24,23.7
NEW,Oceania,New Zealand,2023-09-01,5100000,12427,341769,43,3063,116667,4565987,0.896,6.701,89.53,23.3
NEW,Oceania,New Zealand,2023-10-01,5100000,12458,354227,37,3100,207599,4773586,0.875,6.946,93.6,22.8
NEW,Oceania,New Zealand,2023-11-01,5100000,14990,369217,120,3220,221531,4995117,0.872,7.24,97.94,22.7
NEW,Oceania,New Zealand,2023-12-01,5100000,14575,383792,89,3309,119199,5114316,0.862,7.525,100.28,22.6
