iso_code,continent,location,date,population,new_cases,total_cases,new_deaths,total_deaths
AUS,Oceania,Australia,2020-03-01,26000000,33032,33032,517,517
AUS,Oceania,Australia,2020-04-01,26000000,42215,75247,136,653
AUS,Oceania,Australia,2020-05-01,26000000,68096,143343,325,978
AUS,Oceania,Australia,2020-06-01,26000000,71514,214857,1055,2033
AUS,Oceania,Australia,2020-07-01,26000000,82102,296959,511,2544
AUS,Oceania,Australia,2020-08-01,26000000,67542,364501,510,3054
AUS,Oceania,Australia,2020-09-01,26000000,62689,427190,167,3221
AUS,Oceania,Australia,2020-10-01,26000000,48884,476074,402,3623
AUS,Oceania,Australia,2020-11-01,26000000,30879,506953,361,3984
AUS,Oceania,Australia,2020-12-01,26000000,49425,556378,737,4721
AUS,Oceania,Australia,2021-01-01,26000000,42230,598608,223,4944
AUS,Oceania,Australia,2021-02-01,26000000,19360,617968,79,5023
AUS,Oceania,Australia,2021-03-01,26000000,33821,651789,484,5507
AUS,Oceania,Australia,2021-04-01,26000000,4741,656530,44,5551
AUS,Oceania,Australia,2021-05-01,26000000,0,656530,0,5551
AUS,Oceania,Australia,2021-06-01,26000000,0,656530,0,5551
AUS,Oceania,Australia,2021-07-01,26000000,208,656738,0,5551
AUS,Oceania,Australia,2021-08-01,26000000,16724,673462,82,5633
AUS,Oceania,Australia,2021-09-01,26000000,39067,712529,545,6178
AUS,Oceania,Australia,2021-10-01,26000000,52227,764756,228,6406
AUS,Oceania,Australia,2021-11-01,26000000,57611,822367,155,6561
AUS,Oceania,Australia,2021-12-01,26000000,63301,885668,1009,7570
AUS,Oceania,Australia,2022-01-01,26000000,76280,961948,871,8441
AUS,Oceania,Australia,2022-02-01,26000000,53483,1015431,546,8987
AUS,Oceania,Australia,2022-03-01,26000000,61759,1077190,268,9255
AUS,Oceania,Australia,2022-04-01,26000000,56582,1133772,536,9791
AUS,Oceania,Australia,2022-05-01,26000000,30900,1164672,177,9968
AUS,Oceania,Australia,2022-06-01,26000000,57721,1222393,201,10169
AUS,Oceania,Australia,2022-07-01,26000000,52089,1274482,307,10476
AUS,Oceania,Australia,2022-08-01,26000000,42840,1317322,529,11005
AUS,Oceania,Australia,2022-09-01,26000000,17132,1334454,90,11095
AUS,Oceania,Australia,2022-10-01,26000000,5082,1339536,70,11165
AUS,Oceania,Australia,2022-11-01,26000000,1979,1341515,23,11188
AUS,Oceania,Australia,2022-12-01,26000000,0,1341515,0,11188
AUS,Oceania,Australia,2023-01-01,26000000,101,1341616,1,11189
AUS,Oceania,Australia,2023-02-01,26000000,14938,1356554,224,11413
AUS,Oceania,Australia,2023-03-01,26000000,22948,1379502,149,11562
AUS,Oceania,Australia,2023-04-01,26000000,43230,1422732,472,12034
AUS,Oceania,Australia,2023-05-01,26000000,41900,1464632,622,12656
AUS,Oceania,Australia,2023-06-01,26000000,72598,1537230,577,13233
AUS,Oceania,Australia,2023-07-01,26000000,47871,1585101,722,13955
AUS,Oceania,Australia,2023-08-01,26000000,55374,1640475,651,14606
AUS,Oceania,Australia,2023-09-01,26000000,53841,1694316,459,15065
AUS,Oceania,Australia,2023-10-01,26000000,53228,1747544,245,15310
AUS,Oceania,Australia,2023-11-01,26000000,70054,1817598,705,16015
AUS,Oceania,Australia,2023-12-01,26000000,68878,1886476,790,16805
UNI,North America,United States,2020-03-01,331000000,406196,406196,4680,4680
UNI,North America,United States,2020-04-01,331000000,590910,997106,3632,8312
UNI,North America,United States,2020-05-01,331000000,775808,1772914,10621,18933
UNI,North America,United States,2020-06-01,331000000,863838,2636752,3991,22924
UNI,North America,United States,2020-07-01,331000000,1018479,3655231,11293,34217
UNI,North America,United States,2020-08-01,331000000,865937,4521168,9470,43687
UNI,North America,United States,2020-09-01,331000000,698931,5220099,11007,54694
UNI,North America,United States,2020-10-01,331000000,691046,5911145,2531,57225
UNI,North America,United States,2020-11-01,331000000,685465,6596610,8582,65807
UNI,North America,United States,2020-12-01,331000000,618837,7215447,5811,71618
UNI,North America,United States,2021-01-01,331000000,455958,7671405,3578,75196
UNI,North America,United States,2021-02-01,331000000,356733,8028138,4343,79539
UNI,North America,United States,2021-03-01,331000000,248009,8276147,1686,81225
UNI,North America,United States,2021-04-01,331000000,198552,8474699,3112,84337
UNI,North America,United States,2021-05-01,331000000,50726,8525425,721,85058
UNI,North America,United States,2021-06-01,331000000,0,8525425,0,85058
UNI,North America,United States,2021-07-01,331000000,0,8525425,0,85058
UNI,North America,United States,2021-08-01,331000000,91075,8616500,1446,86504
UNI,North America,United States,2021-09-01,331000000,342307,8958807,1214,87718
UNI,North America,United States,2021-10-01,331000000,627986,9586793,9653,97371
UNI,North America,United States,2021-11-01,331000000,810176,10396969,1946,99317
UNI,North America,United States,2021-12-01,331000000,757829,11154798,1925,101242
UNI,North America,United States,2022-01-01,331000000,785415,11940213,10344,111586
UNI,North America,United States,2022-02-01,331000000,839621,12779834,8742,120328
UNI,North America,United States,2022-03-01,331000000,611047,13390881,1979,122307
UNI,North America,United States,2022-04-01,331000000,752704,14143585,5928,128235
UNI,North America,United States,2022-05-01,331000000,699153,14842738,3397,131632
UNI,North America,United States,2022-06-01,331000000,647134,15489872,8070,139702
UNI,North America,United States,2022-07-01,331000000,543755,16033627,3841,143543
UNI,North America,United States,2022-08-01,331000000,424914,16458541,4186,147729
UNI,North America,United States,2022-09-01,331000000,269038,16727579,1244,148973
UNI,North America,United States,2022-10-01,331000000,131833,16859412,1111,150084
UNI,North America,United States,2022-11-01,331000000,0,16859412,0,150084
UNI,North America,United States,2022-12-01,331000000,0,16859412,0,150084
UNI,North America,United States,2023-01-01,331000000,17307,16876719,178,150262
UNI,North America,United States,2023-02-01,331000000,252995,17129714,1696,151958
UNI,North America,United States,2023-03-01,331000000,214317,17344031,2492,154450
UNI,North America,United States,2023-04-01,331000000,416921,17760952,5770,160220
UNI,North America,United States,2023-05-01,331000000,739718,18500670,5584,165804
UNI,North America,United States,2023-06-01,331000000,656938,19157608,6815,172619
UNI,North America,United States,2023-07-01,331000000,684873,19842481,4547,177166
UNI,North America,United States,2023-08-01,331000000,724935,20567416,5629,182795
UNI,North America,United States,2023-09-01,331000000,825373,21392789,6389,189184
UNI,North America,United States,2023-10-01,331000000,923399,22316188,3766,192950
UNI,North America,United States,2023-11-01,331000000,690555,23006743,7153,200103
UNI,North America,United States,2023-12-01,331000000,754639,23761382,11636,211739
IND,Asia,India,2020-03-01,1400000000,1337101,1337101,14294,14294
IND,Asia,India,2020-04-01,1400000000,2440137,3777238,5539,19833
IND,Asia,India,2020-05-01,1400000000,3543065,7320303,49953,69786
IND,Asia,India,2020-06-01,1400000000,3351766,10672069,45191,114977
IND,Asia,India,2020-07-01,1400000000,4104254,14776323,25514,140491
IND,Asia,India,2020-08-01,1400000000,3432512,18208835,37099,177590
IND,Asia,India,2020-09-01,1400000000,3662859,21871694,52508,230098
IND,Asia,India,2020-10-01,1400000000,3119137,24990831,39557,269655
IND,Asia,India,2020-11-01,1400000000,2908253,27899084,34407,304062
IND,Asia,India,2020-12-01,1400000000,2633626,30532710,16563,320625
IND,Asia,India,2021-01-01,1400000000,2084526,32617236,8557,329182
IND,Asia,India,2021-02-01,1400000000,2051601,34668837,6748,335930
IND,Asia,India,2021-03-01,1400000000,532384,35201221,3506,339436
IND,Asia,India,2021-04-01,1400000000,567188,35768409,7875,347311
IND,Asia,India,2021-05-01,1400000000,0,35768409,0,347311
IND,Asia,India,2021-06-01,1400000000,544679,36313088,6284,353595
IND,Asia,India,2021-07-01,1400000000,402560,36715648,4496,358091
IND,Asia,India,2021-08-01,1400000000,905519,37621167,8015,366106
IND,Asia,India,2021-09-01,1400000000,1521701,39142868,3108,369214
IND,Asia,India,2021-10-01,1400000000,2407930,41550798,28426,397640
IND,Asia,India,2021-11-01,1400000000,2350595,43901393,15521,413161
IND,Asia,India,2021-12-01,1400000000,3924931,47826324,56591,469752
IND,Asia,India,2022-01-01,1400000000,2620461,50446785,24833,494585
IND,Asia,India,2022-02-01,1400000000,2803979,53250764,24117,518702
IND,Asia,India,2022-03-01,1400000000,3756741,57007505,22693,541395
IND,Asia,India,2022-04-01,1400000000,3045034,60052539,6778,548173
IND,Asia,India,2022-05-01,1400000000,2118209,62170748,8693,556866
IND,Asia,India,2022-06-01,1400000000,2503804,64674552,17384,574250
IND,Asia,India,2022-07-01,1400000000,2711160,67385712,13249,587499
IND,Asia,India,2022-08-01,1400000000,2519042,69904754,6803,594302
IND,Asia,India,2022-09-01,1400000000,1565077,71469831,13469,607771
IND,Asia,India,2022-10-01,1400000000,264383,71734214,2094,609865
IND,Asia,India,2022-11-01,1400000000,125002,71859216,1140,611005
IND,Asia,India,2022-12-01,1400000000,0,71859216,0,611005
IND,Asia,India,2023-01-01,1400000000,0,71859216,0,611005
IND,Asia,India,2023-02-01,1400000000,557741,72416957,2434,613439
IND,Asia,India,2023-03-01,1400000000,855126,73272083,7743,621182
IND,Asia,India,2023-04-01,1400000000,2138643,75410726,31194,652376
IND,Asia,India,2023-05-01,1400000000,2633559,78044285,34340,686716
IND,Asia,India,2023-06-01,1400000000,3125214,81169499,34144,720860
IND,Asia,India,2023-07-01,1400000000,2744889,83914388,18050,738910
IND,Asia,India,2023-08-01,1400000000,2802051,86716439,38039,776949
IND,Asia,India,2023-09-01,1400000000,3933004,90649443,10471,787420
IND,Asia,India,2023-10-01,1400000000,4004458,94653901,62565,849985
IND,Asia,India,2023-11-01,1400000000,3242353,97896254,43266,893251
IND,Asia,India,2023-12-01,1400000000,2803595,100699849,9557,902808
UNI,Europe,United Kingdom,2020-03-01,67000000,92958,92958,554,554
UNI,Europe,United Kingdom,2020-04-01,67000000,131948,224906,1164,1718
UNI,Europe,United Kingdom,2020-05-01,67000000,176402,401308,358,2076
UNI,Europe,United Kingdom,2020-06-01,67000000,223246,624554,548,2624
UNI,Europe,United Kingdom,2020-07-01,67000000,219157,843711,1152,3776
UNI,Europe,United Kingdom,2020-08-01,67000000,180856,1024567,2300,6076
UNI,Europe,United Kingdom,2020-09-01,67000000,140451,1165018,1852,7928
UNI,Europe,United Kingdom,2020-10-01,67000000,178155,1343173,1804,9732
UNI,Europe,United Kingdom,2020-11-01,67000000,122484,1465657,653,10385
UNI,Europe,United Kingdom,2020-12-01,67000000,121396,1587053,357,10742
UNI,Europe,United Kingdom,2021-01-01,67000000,112239,1699292,896,11638
UNI,Europe,United Kingdom,2021-02-01,67000000,89088,1788380,802,12440
UNI,Europe,United Kingdom,2021-03-01,67000000,73132,1861512,807,13247
UNI,Europe,United Kingdom,2021-04-01,67000000,17020,1878532,113,13360
UNI,Europe,United Kingdom,2021-05-01,67000000,0,1878532,0,13360
UNI,Europe,United Kingdom,2021-06-01,67000000,0,1878532,0,13360
UNI,Europe,United Kingdom,2021-07-01,67000000,0,1878532,0,13360
UNI,Europe,United Kingdom,2021-08-01,67000000,45785,1924317,432,13792
UNI,Europe,United Kingdom,2021-09-01,67000000,82295,2006612,702,14494
UNI,Europe,United Kingdom,2021-10-01,67000000,97746,2104358,280,14774
UNI,Europe,United Kingdom,2021-11-01,67000000,140904,2245262,1872,16646
UNI,Europe,United Kingdom,2021-12-01,67000000,200640,2445902,3077,19723
UNI,Europe,United Kingdom,2022-01-01,67000000,198221,2644123,1370,21093
UNI,Europe,United Kingdom,2022-02-01,67000000,148001,2792124,2265,23358
UNI,Europe,United Kingdom,2022-03-01,67000000,166086,2958210,1982,25340
UNI,Europe,United Kingdom,2022-04-01,67000000,169937,3128147,2514,27854
UNI,Europe,United Kingdom,2022-05-01,67000000,116656,3244803,1219,29073
UNI,Europe,United Kingdom,2022-06-01,67000000,132076,3376879,1908,30981
UNI,Europe,United Kingdom,2022-07-01,67000000,110985,3487864,864,31845
UNI,Europe,United Kingdom,2022-08-01,67000000,81685,3569549,247,32092
UNI,Europe,United Kingdom,2022-09-01,67000000,66568,3636117,1007,33099
UNI,Europe,United Kingdom,2022-10-01,67000000,41005,3677122,616,33715
UNI,Europe,United Kingdom,2022-11-01,67000000,0,3677122,0,33715
UNI,Europe,United Kingdom,2022-12-01,67000000,40184,3717306,314,34029
UNI,Europe,United Kingdom,2023-01-01,67000000,0,3717306,0,34029
UNI,Europe,United Kingdom,2023-02-01,67000000,8481,3725787,84,34113
UNI,Europe,United Kingdom,2023-03-01,67000000,72392,3798179,1002,35115
UNI,Europe,United Kingdom,2023-04-01,67000000,117573,3915752,1775,36890
UNI,Europe,United Kingdom,2023-05-01,67000000,103792,4019544,405,37295
UNI,Europe,United Kingdom,2023-06-01,67000000,140429,4159973,938,38233
UNI,Europe,United Kingdom,2023-07-01,67000000,154092,4314065,1816,40049
UNI,Europe,United Kingdom,2023-08-01,67000000,153973,4468038,2410,42459
UNI,Europe,United Kingdom,2023-09-01,67000000,193667,4661705,521,42980
UNI,Europe,United Kingdom,2023-10-01,67000000,168042,4829747,1878,44858
UNI,Europe,United Kingdom,2023-11-01,67000000,170043,4999790,1669,46527
UNI,Europe,United Kingdom,2023-12-01,67000000,155293,5155083,1544,48071
BRA,South America,Brazil,2020-03-01,214000000,231464,231464,2659,2659
BRA,South America,Brazil,2020-04-01,214000000,449858,681322,5734,8393
BRA,South America,Brazil,2020-05-01,214000000,454953,1136275,3988,12381
BRA,South America,Brazil,2020-06-01,214000000,495509,1631784,3688,16069
BRA,South America,Brazil,2020-07-01,214000000,580998,2212782,3656,19725
BRA,South America,Brazil,2020-08-01,214000000,419171,2631953,3361,23086
BRA,South America,Brazil,2020-09-01,214000000,434705,3066658,5501,28587
BRA,South America,Brazil,2020-10-01,214000000,496750,3563408,4625,33212
BRA,South America,Brazil,2020-11-01,214000000,426467,3989875,4488,37700
BRA,South America,Brazil,2020-12-01,214000000,319044,4308919,3736,41436
BRA,South America,Brazil,2021-01-01,214000000,194066,4502985,1415,42851
BRA,South America,Brazil,2021-02-01,214000000,216671,4719656,2989,45840
BRA,South America,Brazil,2021-03-01,214000000,168956,4888612,1225,47065
BRA,South America,Brazil,2021-04-01,214000000,40542,4929154,285,47350
BRA,South America,Brazil,2021-05-01,214000000,70654,4999808,354,47704
BRA,South America,Brazil,2021-06-01,214000000,0,4999808,0,47704
BRA,South America,Brazil,2021-07-01,214000000,20444,5020252,218,47922
BRA,South America,Brazil,2021-08-01,214000000,81355,5101607,315,48237
BRA,South America,Brazil,2021-09-01,214000000,284920,5386527,4449,52686
BRA,South America,Brazil,2021-10-01,214000000,313438,5699965,2535,55221
BRA,South America,Brazil,2021-11-01,214000000,479810,6179775,6621,61842
BRA,South America,Brazil,2021-12-01,214000000,661719,6841494,6445,68287
BRA,South America,Brazil,2022-01-01,214000000,514221,7355715,1140,69427
BRA,South America,Brazil,2022-02-01,214000000,496726,7852441,3650,73077
BRA,South America,Brazil,2022-03-01,214000000,563737,8416178,2388,75465
BRA,South America,Brazil,2022-04-01,214000000,450719,8866897,3127,78592
BRA,South America,Brazil,2022-05-01,214000000,455720,9322617,5555,84147
BRA,South America,Brazil,2022-06-01,214000000,528081,9850698,6602,90749
BRA,South America,Brazil,2022-07-01,214000000,373685,10224383,2753,93502
BRA,South America,Brazil,2022-08-01,214000000,453266,10677649,6530,100032
BRA,South America,Brazil,2022-09-01,214000000,305273,10982922,2368,102400
BRA,South America,Brazil,2022-10-01,214000000,86548,11069470,604,103004
BRA,South America,Brazil,2022-11-01,214000000,49567,11119037,778,103782
BRA,South America,Brazil,2022-12-01,214000000,0,11119037,0,103782
BRA,South America,Brazil,2023-01-01,214000000,0,11119037,0,103782
BRA,South America,Brazil,2023-02-01,214000000,96381,11215418,889,104671
BRA,South America,Brazil,2023-03-01,214000000,287866,11503284,2624,107295
BRA,South America,Brazil,2023-04-01,214000000,396536,11899820,2523,109818
BRA,South America,Brazil,2023-05-01,214000000,343543,12243363,2588,112406
BRA,South America,Brazil,2023-06-01,214000000,421645,12665008,2583,114989
BRA,South America,Brazil,2023-07-01,214000000,455222,13120230,1507,116496
BRA,South America,Brazil,2023-08-01,214000000,373474,13493704,2767,119263
BRA,South America,Brazil,2023-09-01,214000000,460618,13954322,2104,121367
BRA,South America,Brazil,2023-10-01,214000000,528644,14482966,2387,123754
BRA,South America,Brazil,2023-11-01,214000000,554371,15037337,1835,125589
BRA,South America,Brazil,2023-12-01,214000000,495943,15533280,4340,129929
SOU,Africa,South Africa,2020-03-01,60000000,77322,77322,751,751
SOU,Africa,South Africa,2020-04-01,60000000,137485,214807,1297,2048
SOU,Africa,South Africa,2020-05-01,60000000,141056,355863,2087,4135
SOU,Africa,South Africa,2020-06-01,60000000,178879,534742,703,4838
SOU,Africa,South Africa,2020-07-01,60000000,176643,711385,1481,6319
SOU,Africa,South Africa,2020-08-01,60000000,117847,829232,991,7310
SOU,Africa,South Africa,2020-09-01,60000000,134753,963985,1024,8334
SOU,Africa,South Africa,2020-10-01,60000000,106318,1070303,1404,9738
SOU,Africa,South Africa,2020-11-01,60000000,132255,1202558,1133,10871
SOU,Africa,South Africa,2020-12-01,60000000,108912,1311470,1023,11894
SOU,Africa,South Africa,2021-01-01,60000000,102517,1413987,1472,13366
SOU,Africa,South Africa,2021-02-01,60000000,60192,1474179,300,13666
SOU,Africa,South Africa,2021-03-01,60000000,69887,1544066,793,14459
SOU,Africa,South Africa,2021-04-01,60000000,25246,1569312,230,14689
SOU,Africa,South Africa,2021-05-01,60000000,0,1569312,0,14689
SOU,Africa,South Africa,2021-06-01,60000000,0,1569312,0,14689
SOU,Africa,South Africa,2021-07-01,60000000,0,1569312,0,14689
SOU,Africa,South Africa,2021-08-01,60000000,0,1569312,0,14689
SOU,Africa,South Africa,2021-09-01,60000000,73056,1642368,197,14886
SOU,Africa,South Africa,2021-10-01,60000000,104396,1746764,1489,16375
SOU,Africa,South Africa,2021-11-01,60000000,134670,1881434,1239,17614
SOU,Africa,South Africa,2021-12-01,60000000,157696,2039130,2001,19615
SOU,Africa,South Africa,2022-01-01,60000000,141646,2180776,1359,20974
SOU,Africa,South Africa,2022-02-01,60000000,147594,2328370,1521,22495
SOU,Africa,South Africa,2022-03-01,60000000,171204,2499574,1059,23554
SOU,Africa,South Africa,2022-04-01,60000000,122135,2621709,1610,25164
SOU,Africa,South Africa,2022-05-01,60000000,147888,2769597,1238,26402
SOU,Africa,South Africa,2022-06-01,60000000,86108,2855705,928,27330
SOU,Africa,South Africa,2022-07-01,60000000,103453,2959158,1452,28782
SOU,Africa,South Africa,2022-08-01,60000000,95847,3055005,486,29268
SOU,Africa,South Africa,2022-09-01,60000000,82544,3137549,988,30256
SOU,Africa,South Africa,2022-10-01,60000000,17203,3154752,174,30430
SOU,Africa,South Africa,2022-11-01,60000000,9178,3163930,90,30520
SOU,Africa,South Africa,2022-12-01,60000000,6556,3170486,74,30594
SOU,Africa,South Africa,2023-01-01,60000000,1890,3172376,17,30611
SOU,Africa,South Africa,2023-02-01,60000000,51794,3224170,502,31113
SOU,Africa,South Africa,2023-03-01,60000000,73752,3297922,911,32024
SOU,Africa,South Africa,2023-04-01,60000000,109584,3407506,617,32641
SOU,Africa,South Africa,2023-05-01,60000000,80020,3487526,278,32919
SOU,Africa,South Africa,2023-06-01,60000000,149290,3636816,929,33848
SOU,Africa,South Africa,2023-07-01,60000000,132108,3768924,1237,35085
SOU,Africa,South Africa,2023-08-01,60000000,148367,3917291,1139,36224
SOU,Africa,South Africa,2023-09-01,60000000,179608,4096899,2541,38765
SOU,Africa,South Africa,2023-10-01,60000000,161997,4258896,2583,41348
SOU,Africa,South Africa,2023-11-01,60000000,144989,4403885,447,41795
SOU,Africa,South Africa,2023-12-01,60000000,145808,4549693,1992,43787
GER,Europe,Germany,2020-03-01,83000000,113213,113213,789,789
GER,Europe,Germany,2020-04-01,83000000,225218,338431,3248,4037
GER,Europe,Germany,2020-05-01,83000000,206817,545248,1781,5818
GER,Europe,Germany,2020-06-01,83000000,213150,758398,3336,9154
GER,Europe,Germany,2020-07-01,83000000,223966,982364,1388,10542
GER,Europe,Germany,2020-08-01,83000000,232514,1214878,779,11321
GER,Europe,Germany,2020-09-01,83000000,168646,1383524,2062,13383
GER,Europe,Germany,2020-10-01,83000000,162493,1546017,457,13840
GER,Europe,Germany,2020-11-01,83000000,170381,1716398,1132,14972
GER,Europe,Germany,2020-12-01,83000000,164149,1880547,1905,16877
GER,Europe,Germany,2021-01-01,83000000,132387,2012934,561,17438
GER,Europe,Germany,2021-02-01,83000000,92160,2105094,733,18171
GER,Europe,Germany,2021-03-01,83000000,51661,2156755,150,18321
GER,Europe,Germany,2021-04-01,83000000,35224,2191979,412,18733
GER,Europe,Germany,2021-05-01,83000000,0,2191979,0,18733
GER,Europe,Germany,2021-06-01,83000000,0,2191979,0,18733
GER,Europe,Germany,2021-07-01,83000000,0,2191979,0,18733
GER,Europe,Germany,2021-08-01,83000000,21928,2213907,303,19036
GER,Europe,Germany,2021-09-01,83000000,90919,2304826,1121,20157
GER,Europe,Germany,2021-10-01,83000000,120113,2424939,1865,22022
GER,Europe,Germany,2021-11-01,83000000,198506,2623445,1822,23844
GER,Europe,Germany,2021-12-01,83000000,274067,2897512,1889,25733
GER,Europe,Germany,2022-01-01,83000000,203787,3101299,2737,28470
GER,Europe,Germany,2022-02-01,83000000,192442,3293741,2720,31190
GER,Europe,Germany,2022-03-01,83000000,174333,3468074,2156,33346
GER,Europe,Germany,2022-04-01,83000000,229225,3697299,2988,36334
GER,Europe,Germany,2022-05-01,83000000,248561,3945860,3295,39629
GER,Europe,Germany,2022-06-01,83000000,159827,4105687,1880,41509
GER,Europe,Germany,2022-07-01,83000000,174406,4280093,2237,43746
GER,Europe,Germany,2022-08-01,83000000,87947,4368040,1208,44954
GER,Europe,Germany,2022-09-01,83000000,72520,4440560,928,45882
GER,Europe,Germany,2022-10-01,83000000,0,4440560,0,45882
GER,Europe,Germany,2022-11-01,83000000,0,4440560,0,45882
GER,Europe,Germany,2022-12-01,83000000,6782,4447342,44,45926
GER,Europe,Germany,2023-01-01,83000000,0,4447342,0,45926
GER,Europe,Germany,2023-02-01,83000000,29667,4477009,436,46362
GER,Europe,Germany,2023-03-01,83000000,78865,4555874,159,46521
GER,Europe,Germany,2023-04-01,83000000,135635,4691509,671,47192
GER,Europe,Germany,2023-05-01,83000000,179720,4871229,1214,48406
GER,Europe,Germany,2023-06-01,83000000,165862,5037091,1083,49489
GER,Europe,Germany,2023-07-01,83000000,196422,5233513,977,50466
GER,Europe,Germany,2023-08-01,83000000,219326,5452839,1945,52411
GER,Europe,Germany,2023-09-01,83000000,195867,5648706,1378,53789
GER,Europe,Germany,2023-10-01,83000000,219173,5867879,929,54718
GER,Europe,Germany,2023-11-01,83000000,220014,6087893,970,55688
GER,Europe,Germany,2023-12-01,83000000,199914,6287807,582,56270
JAP,Asia,Japan,2020-03-01,125000000,183733,183733,938,938
JAP,Asia,Japan,2020-04-01,125000000,216720,400453,3323,4261
JAP,Asia,Japan,2020-05-01,125000000,296505,696958,717,4978
JAP,Asia,Japan,2020-06-01,125000000,418726,1115684,1501,6479
JAP,Asia,Japan,2020-07-01,125000000,316624,1432308,3916,10395
JAP,Asia,Japan,2020-08-01,125000000,393646,1825954,4288,14683
JAP,Asia,Japan,2020-09-01,125000000,297717,2123671,1364,16047
JAP,Asia,Japan,2020-10-01,125000000,184265,2307936,1587,17634
JAP,Asia,Japan,2020-11-01,125000000,201121,2509057,689,18323
JAP,Asia,Japan,2020-12-01,125000000,262733,2771790,2233,20556
JAP,Asia,Japan,2021-01-01,125000000,179357,2951147,2679,23235
JAP,Asia,Japan,2021-02-01,125000000,140224,3091371,1795,25030
JAP,Asia,Japan,2021-03-01,125000000,47509,3138880,503,25533
JAP,Asia,Japan,2021-04-01,125000000,3175,3142055,27,25560
JAP,Asia,Japan,2021-05-01,125000000,0,3142055,0,25560
JAP,Asia,Japan,2021-06-01,125000000,0,3142055,0,25560
JAP,Asia,Japan,2021-07-01,125000000,42806,3184861,210,25770
JAP,Asia,Japan,2021-08-01,125000000,55850,3240711,720,26490
JAP,Asia,Japan,2021-09-01,125000000,98521,3339232,743,27233
JAP,Asia,Japan,2021-10-01,125000000,168576,3507808,1426,28659
JAP,Asia,Japan,2021-11-01,125000000,334044,3841852,2377,31036
JAP,Asia,Japan,2021-12-01,125000000,340111,4181963,4414,35450
JAP,Asia,Japan,2022-01-01,125000000,297756,4479719,2617,38067
JAP,Asia,Japan,2022-02-01,125000000,207432,4687151,3235,41302
JAP,Asia,Japan,2022-03-01,125000000,360239,5047390,1162,42464
JAP,Asia,Japan,2022-04-01,125000000,332700,5380090,3130,45594
JAP,Asia,Japan,2022-05-01,125000000,353253,5733343,4424,50018
JAP,Asia,Japan,2022-06-01,125000000,250344,5983687,3010,53028
JAP,Asia,Japan,2022-07-01,125000000,295834,6279521,3569,56597
JAP,Asia,Japan,2022-08-01,125000000,180128,6459649,1195,57792
JAP,Asia,Japan,2022-09-01,125000000,118005,6577654,1447,59239
JAP,Asia,Japan,2022-10-01,125000000,53547,6631201,794,60033
JAP,Asia,Japan,2022-11-01,125000000,0,6631201,0,60033
JAP,Asia,Japan,2022-12-01,125000000,0,6631201,0,60033
JAP,Asia,Japan,2023-01-01,125000000,0,6631201,0,60033
JAP,Asia,Japan,2023-02-01,125000000,48974,6680175,680,60713
JAP,Asia,Japan,2023-03-01,125000000,123103,6803278,404,61117
JAP,Asia,Japan,2023-04-01,125000000,219845,7023123,1955,63072
JAP,Asia,Japan,2023-05-01,125000000,270707,7293830,3444,66516
JAP,Asia,Japan,2023-06-01,125000000,252137,7545967,3958,70474
JAP,Asia,Japan,2023-07-01,125000000,349839,7895806,3672,74146
JAP,Asia,Japan,2023-08-01,125000000,294686,8190492,2017,76163
JAP,Asia,Japan,2023-09-01,125000000,326620,8517112,813,76976
JAP,Asia,Japan,2023-10-01,125000000,278824,8795936,2305,79281
JAP,Asia,Japan,2023-11-01,125000000,340466,9136402,4731,84012
JAP,Asia,Japan,2023-12-01,125000000,269631,9406033,2918,86930
CAN,North America,Canada,2020-03-01,39000000,63402,63402,833,833
CAN,North America,Canada,2020-04-01,39000000,79855,143257,763,1596
CAN,North America,Canada,2020-05-01,39000000,100723,243980,340,1936
CAN,North America,Canada,2020-06-01,39000000,95399,339379,913,2849
CAN,North America,Canada,2020-07-01,39000000,109624,449003,1560,4409
CAN,North America,Canada,2020-08-01,39000000,80257,529260,877,5286
CAN,North America,Canada,2020-09-01,39000000,99196,628456,1416,6702
CAN,North America,Canada,2020-10-01,39000000,86503,714959,837,7539
CAN,North America,Canada,2020-11-01,39000000,76158,791117,454,7993
CAN,North America,Canada,2020-12-01,39000000,74285,865402,341,8334
CAN,North America,Canada,2021-01-01,39000000,39450,904852,446,8780
CAN,North America,Canada,2021-02-01,39000000,50268,955120,150,8930
CAN,North America,Canada,2021-03-01,39000000,12268,967388,183,9113
CAN,North America,Canada,2021-04-01,39000000,33032,1000420,202,9315
CAN,North America,Canada,2021-05-01,39000000,8721,1009141,67,9382
CAN,North America,Canada,2021-06-01,39000000,0,1009141,0,9382
CAN,North America,Canada,2021-07-01,39000000,1168,1010309,9,9391
CAN,North America,Canada,2021-08-01,39000000,48560,1058869,341,9732
CAN,North America,Canada,2021-09-01,39000000,22721,1081590,140,9872
CAN,North America,Canada,2021-10-01,39000000,53053,1134643,311,10183
CAN,North America,Canada,2021-11-01,39000000,79783,1214426,792,10975
CAN,North America,Canada,2021-12-01,39000000,111343,1325769,224,11199
CAN,North America,Canada,2022-01-01,39000000,101363,1427132,811,12010
CAN,North America,Canada,2022-02-01,39000000,80584,1507716,492,12502
CAN,North America,Canada,2022-03-01,39000000,93047,1600763,263,12765
CAN,North America,Canada,2022-04-01,39000000,81610,1682373,1027,13792
CAN,North America,Canada,2022-05-01,39000000,78525,1760898,475,14267
CAN,North America,Canada,2022-06-01,39000000,63049,1823947,469,14736
CAN,North America,Canada,2022-07-01,39000000,75908,1899855,677,15413
CAN,North America,Canada,2022-08-01,39000000,45890,1945745,523,15936
CAN,North America,Canada,2022-09-01,39000000,37230,1982975,82,16018
CAN,North America,Canada,2022-10-01,39000000,17832,2000807,141,16159
CAN,North America,Canada,2022-11-01,39000000,0,2000807,0,16159
CAN,North America,Canada,2022-12-01,39000000,0,2000807,0,16159
CAN,North America,Canada,2023-01-01,39000000,12285,2013092,183,16342
CAN,North America,Canada,2023-02-01,39000000,0,2013092,0,16342
CAN,North America,Canada,2023-03-01,39000000,36590,2049682,316,16658
CAN,North America,Canada,2023-04-01,39000000,48500,2098182,99,16757
CAN,North America,Canada,2023-05-01,39000000,49924,2148106,251,17008
CAN,North America,Canada,2023-06-01,39000000,80565,2228671,907,17915
CAN,North America,Canada,2023-07-01,39000000,89608,2318279,263,18178
CAN,North America,Canada,2023-08-01,39000000,67298,2385577,738,18916
CAN,North America,Canada,2023-09-01,39000000,104869,2490446,1632,20548
CAN,North America,Canada,2023-10-01,39000000,98838,2589284,1463,22011
CAN,North America,Canada,2023-11-01,39000000,107560,2696844,367,22378
CAN,North America,Canada,2023-12-01,39000000,98772,2795616,1125,23503
FRA,Europe,France,2020-03-01,68000000,105819,105819,565,565
FRA,Europe,France,2020-04-01,68000000,124062,229881,1029,1594
FRA,Europe,France,2020-05-01,68000000,169629,399510,1893,3487
FRA,Europe,France,2020-06-01,68000000,172224,571734,1856,5343
FRA,Europe,France,2020-07-01,68000000,181157,752891,1583,6926
FRA,Europe,France,2020-08-01,68000000,196085,948976,1649,8575
FRA,Europe,France,2020-09-01,68000000,143411,1092387,1105,9680
FRA,Europe,France,2020-10-01,68000000,130114,1222501,1591,11271
FRA,Europe,France,2020-11-01,68000000,124070,1346571,1016,12287
FRA,Europe,France,2020-12-01,68000000,125449,1472020,1114,13401
FRA,Europe,France,2021-01-01,68000000,107038,1579058,1113,14514
FRA,Europe,France,2021-02-01,68000000,26033,1605091,414,14928
FRA,Europe,France,2021-03-01,68000000,30344,1635435,161,15089
FRA,Europe,France,2021-04-01,68000000,32281,1667716,427,15516
FRA,Europe,France,2021-05-01,68000000,0,1667716,0,15516
FRA,Europe,France,2021-06-01,68000000,0,1667716,0,15516
FRA,Europe,France,2021-07-01,68000000,554,1668270,7,15523
FRA,Europe,France,2021-08-01,68000000,65040,1733310,553,16076
FRA,Europe,France,2021-09-01,68000000,125181,1858491,734,16810
FRA,Europe,France,2021-10-01,68000000,128069,1986560,1970,18780
FRA,Europe,France,2021-11-01,68000000,157568,2144128,1964,20744
FRA,Europe,France,2021-12-01,68000000,204148,2348276,644,21388
FRA,Europe,France,2022-01-01,68000000,179209,2527485,1123,22511
FRA,Europe,France,2022-02-01,68000000,162641,2690126,600,23111
FRA,Europe,France,2022-03-01,68000000,182144,2872270,2204,25315
FRA,Europe,France,2022-04-01,68000000,220976,3093246,1094,26409
FRA,Europe,France,2022-05-01,68000000,151019,3244265,2140,28549
FRA,Europe,France,2022-06-01,68000000,155372,3399637,1730,30279
FRA,Europe,France,2022-07-01,68000000,122498,3522135,1880,32159
FRA,Europe,France,2022-08-01,68000000,109125,3631260,1626,33785
FRA,Europe,France,2022-09-01,68000000,131667,3762927,630,34415
FRA,Europe,France,2022-10-01,68000000,42478,3805405,373,34788
FRA,Europe,France,2022-11-01,68000000,10605,3816010,82,34870
FRA,Europe,France,2022-12-01,68000000,0,3816010,0,34870
FRA,Europe,France,2023-01-01,68000000,0,3816010,0,34870
FRA,Europe,France,2023-02-01,68000000,13957,3829967,31,34901
FRA,Europe,France,2023-03-01,68000000,55930,3885897,500,35401
FRA,Europe,France,2023-04-01,68000000,86747,3972644,1172,36573
FRA,Europe,France,2023-05-01,68000000,97329,4069973,1093,37666
FRA,Europe,France,2023-06-01,68000000,130815,4200788,1886,39552
FRA,Europe,France,2023-07-01,68000000,122115,4322903,279,39831
FRA,Europe,France,2023-08-01,68000000,155296,4478199,2079,41910
FRA,Europe,France,2023-09-01,68000000,149597,4627796,1804,43714
FRA,Europe,France,2023-10-01,68000000,190279,4818075,874,44588
FRA,Europe,France,2023-11-01,68000000,157541,4975616,1639,46227
FRA,Europe,France,2023-12-01,68000000,173998,5149614,720,46947
ITA,Europe,Italy,2020-03-01,59000000,81180,81180,1229,1229
ITA,Europe,Italy,2020-04-01,59000000,116743,197923,404,1633
ITA,Europe,Italy,2020-05-01,59000000,137630,335553,1684,3317
ITA,Europe,Italy,2020-06-01,59000000,165332,500885,2106,5423
ITA,Europe,Italy,2020-07-01,59000000,112570,613455,858,6281
ITA,Europe,Italy,2020-08-01,59000000,163624,777079,2246,8527
ITA,Europe,Italy,2020-09-01,59000000,120613,897692,560,9087
ITA,Europe,Italy,2020-10-01,59000000,86591,984283,193,9280
ITA,Europe,Italy,2020-11-01,59000000,84093,1068376,437,9717
ITA,Europe,Italy,2020-12-01,59000000,96536,1164912,481,10198
ITA,Europe,Italy,2021-01-01,59000000,60782,1225694,971,11169
ITA,Europe,Italy,2021-02-01,59000000,65522,1291216,851,12020
ITA,Europe,Italy,2021-03-01,59000000,43231,1334447,644,12664
ITA,Europe,Italy,2021-04-01,59000000,6439,1340886,79,12743
ITA,Europe,Italy,2021-05-01,59000000,0,1340886,0,12743
ITA,Europe,Italy,2021-06-01,59000000,0,1340886,0,12743
ITA,Europe,Italy,2021-07-01,59000000,4917,1345803,55,12798
ITA,Europe,Italy,2021-08-01,59000000,44748,1390551,562,13360
ITA,Europe,Italy,2021-09-01,59000000,47441,1437992,584,13944
ITA,Europe,Italy,2021-10-01,59000000,93123,1531115,946,14890
ITA,Europe,Italy,2021-11-01,59000000,140013,1671128,1614,16504
ITA,Europe,Italy,2021-12-01,59000000,144218,1815346,572,17076
ITA,Europe,Italy,2022-01-01,59000000,153674,1969020,987,18063
ITA,Europe,Italy,2022-02-01,59000000,160755,2129775,2494,20557
ITA,Europe,Italy,2022-03-01,59000000,126078,2255853,1971,22528
ITA,Europe,Italy,2022-04-01,59000000,145272,2401125,2028,24556
ITA,Europe,Italy,2022-05-01,59000000,92783,2493908,650,25206
ITA,Europe,Italy,2022-06-01,59000000,116764,2610672,1627,26833
ITA,Europe,Italy,2022-07-01,59000000,126116,2736788,933,27766
ITA,Europe,Italy,2022-08-01,59000000,98057,2834845,848,28614
ITA,Europe,Italy,2022-09-01,59000000,35768,2870613,415,29029
ITA,Europe,Italy,2022-10-01,59000000,31151,2901764,113,29142
ITA,Europe,Italy,2022-11-01,59000000,0,2901764,0,29142
ITA,Europe,Italy,2022-12-01,59000000,0,2901764,0,29142
ITA,Europe,Italy,2023-01-01,59000000,0,2901764,0,29142
ITA,Europe,Italy,2023-02-01,59000000,39175,2940939,111,29253
ITA,Europe,Italy,2023-03-01,59000000,40918,2981857,332,29585
ITA,Europe,Italy,2023-04-01,59000000,90451,3072308,876,30461
ITA,Europe,Italy,2023-05-01,59000000,117329,3189637,1802,32263
ITA,Europe,Italy,2023-06-01,59000000,120256,3309893,1067,33330
ITA,Europe,Italy,2023-07-01,59000000,154569,3464462,1521,34851
ITA,Europe,Italy,2023-08-01,59000000,144683,3609145,2134,36985
ITA,Europe,Italy,2023-09-01,59000000,134214,3743359,816,37801
ITA,Europe,Italy,2023-10-01,59000000,141532,3884891,349,38150
ITA,Europe,Italy,2023-11-01,59000000,150578,4035469,2206,40356
ITA,Europe,Italy,2023-12-01,59000000,157084,4192553,2468,42824
NEW,Oceania,New Zealand,2020-03-01,5100000,5983,5983,43,43
NEW,Oceania,New Zealand,2020-04-01,5100000,9180,15163,42,85
NEW,Oceania,New Zealand,2020-05-01,5100000,14664,29827,78,163
NEW,Oceania,New Zealand,2020-06-01,5100000,13695,43522,121,284
NEW,Oceania,New Zealand,2020-07-01,5100000,15478,59000,82,366
NEW,Oceania,New Zealand,2020-08-01,5100000,11086,70086,36,402
NEW,Oceania,New Zealand,2020-09-01,5100000,11096,81182,152,554
NEW,Oceania,New Zealand,2020-10-01,5100000,10186,91368,149,703
NEW,Oceania,New Zealand,2020-11-01,5100000,13959,105327,101,804
NEW,Oceania,New Zealand,2020-12-01,5100000,9651,114978,90,894
NEW,Oceania,New Zealand,2021-01-01,5100000,6355,121333,22,916
NEW,Oceania,New Zealand,2021-02-01,5100000,7796,129129,117,1033
NEW,Oceania,New Zealand,2021-03-01,5100000,4602,133731,43,1076
NEW,Oceania,New Zealand,2021-04-01,5100000,539,134270,7,1083
NEW,Oceania,New Zealand,2021-05-01,5100000,0,134270,0,1083
NEW,Oceania,New Zealand,2021-06-01,5100000,2981,137251,27,1110
NEW,Oceania,New Zealand,2021-07-01,5100000,193,137444,1,1111
NEW,Oceania,New Zealand,2021-08-01,5100000,1526,138970,19,1130
NEW,Oceania,New Zealand,2021-09-01,5100000,5677,144647,46,1176
NEW,Oceania,New Zealand,2021-10-01,5100000,9842,154489,65,1241
NEW,Oceania,New Zealand,2021-11-01,5100000,13281,167770,131,1372
NEW,Oceania,New Zealand,2021-12-01,5100000,10522,178292,56,1428
NEW,Oceania,New Zealand,2022-01-01,5100000,11360,189652,175,1603
NEW,Oceania,New Zealand,2022-02-01,5100000,10550,200202,150,1753
NEW,Oceania,New Zealand,2022-03-01,5100000,13353,213555,181,1934
NEW,Oceania,New Zealand,2022-04-01,5100000,8523,222078,111,2045
NEW,Oceania,New Zealand,2022-05-01,5100000,10321,232399,46,2091
NEW,Oceania,New Zealand,2022-06-01,5100000,10892,243291,106,2197
NEW,Oceania,New Zealand,2022-07-01,5100000,8505,251796,81,2278
NEW,Oceania,New Zealand,2022-08-01,5100000,9015,260811,48,2326
NEW,Oceania,New Zealand,2022-09-01,5100000,5748,266559,85,2411
NEW,Oceania,New Zealand,2022-10-01,5100000,678,267237,4,2415
NEW,Oceania,New Zealand,2022-11-01,5100000,0,267237,0,2415
NEW,Oceania,New Zealand,2022-12-01,5100000,0,267237,0,2415
NEW,Oceania,New Zealand,2023-01-01,5100000,0,267237,0,2415
NEW,Oceania,New Zealand,2023-02-01,5100000,4147,271384,38,2453
NEW,Oceania,New Zealand,2023-03-01,5100000,3781,275165,47,2500
NEW,Oceania,New Zealand,2023-04-01,5100000,7482,282647,91,2591
NEW,Oceania,New Zealand,2023-05-01,5100000,10322,292969,30,2621
NEW,Oceania,New Zealand,2023-06-01,5100000,12846,305815,170,2791
NEW,Oceania,New Zealand,2023-07-01,5100000,10380,316195,109,2900
NEW,Oceania,New Zealand,2023-08-01,5100000,13147,329342,120,3020
NEW,Oceania,New Zealand,2023-09-01,5100000,12427,341769,43,3063
NEW,Oceania,New Zealand,2023-10-01,5100000,12458,354227,37,3100
NEW,Oceania,New Zealand,2023-11-01,5100000,14990,369217,120,3220
NEW,Oceania,New Zealand,2023-12-01,5100000,14575,383792,89,3309
